Teil,Datum,F_NiU_EoD_Bestand,F_NiU_Hinterlegter SiBe,EoD_Bestand_noSiBe,WBZ_Days,Price_Material_var,EoD_Bestand_noSiBe_log1p,DeficitPos_log1p,DemandMean_100_log1p,DemandMax_100_log1p,DemandMean_66_log1p,DemandMax_66_log1p,DemandMean_50_log1p,DemandMax_50_log1p,DemandMean_25_log1p,DemandMax_25_log1p,Lag_EoD_Bestand_noSiBe_mean_7Tage,Lag_EoD_Bestand_noSiBe_mean_28Tage,Lag_EoD_Bestand_noSiBe_mean_wbzTage,Lag_EoD_Bestand_noSiBe_mean_2xwbzTage,L_WBZ_BlockMinAbs,pred_L_WBZ_BlockMinAbs,Hinterlegter SiBe
7900556,2025-10-17,234.0,800.0,-566.0,189.0,2.25,0.0,6.340359303727752,5.1509645166847156,8.188966863648876,5.204529836447869,8.188966863648876,5.32498001451038,8.188966863648876,5.038747067661534,7.783640596221253,-566.0,1649.857142857143,2968.042328042328,2304.6031746031745,566.0,1468.9166,800.0
7900556,2025-10-18,234.0,800.0,-566.0,189.0,2.25,0.0,6.340359303727752,5.1509645166847156,8.188966863648876,5.204529836447869,8.188966863648876,5.32498001451038,8.188966863648876,5.038747067661534,7.783640596221253,-566.0,1635.4285714285713,2948.772486772487,2285.39417989418,566.0,1468.9166,800.0
7900556,2025-10-19,234.0,800.0,-566.0,189.0,2.25,0.0,6.340359303727752,5.1509645166847156,8.188966863648876,5.204529836447869,8.188966863648876,5.32498001451038,8.188966863648876,5.038747067661534,7.783640596221253,-566.0,1621.0,2929.5026455026455,2266.185185185185,566.0,1468.9166,800.0
7900556,2025-10-20,234.0,800.0,-566.0,189.0,2.25,0.0,6.340359303727752,5.1509645166847156,8.188966863648876,5.204529836447869,8.188966863648876,5.32498001451038,8.188966863648876,5.038747067661534,7.783640596221253,-566.0,1606.5714285714287,2910.232804232804,2246.9761904761904,566.0,1468.9166,800.0
7900556,2025-10-21,634.0,800.0,-166.0,189.0,2.25,0.0,5.117993812416755,5.150780569170554,8.188966863648876,5.204529836447869,8.188966863648876,5.260814326285845,8.188966863648876,5.038747067661534,7.783640596221253,-566.0,1592.142857142857,2890.994708994709,2227.767195767196,166.0,986.30585,800.0
7900556,2025-10-22,6234.0,800.0,5434.0,189.0,2.25,8.60061479955531,0.0,5.150780569170554,8.188966863648876,5.204529836447869,8.188966863648876,5.260814326285845,8.188966863648876,5.038747067661534,7.783640596221253,-508.85714285714283,1592.0,2873.873015873016,2219.1402116402114,0.0,622.13983,800.0
7900556,2025-10-23,6234.0,800.0,5434.0,189.0,2.25,8.60061479955531,0.0,5.113293749777405,8.188966863648876,5.204529836447869,8.188966863648876,5.260814326285845,8.188966863648876,5.038747067661534,7.783640596221253,348.2857142857143,1634.7142857142858,2892.7301587301586,2225.328042328042,0.0,622.13983,800.0
7900556,2025-10-24,6234.0,800.0,5434.0,189.0,2.25,8.60061479955531,0.0,5.113293749777405,8.188966863648876,5.150811229439447,8.188966863648876,5.260814326285845,8.188966863648876,5.038747067661534,7.783640596221253,1205.4285714285713,1677.4285714285713,2911.5873015873017,2234.690476190476,0.0,622.13983,800.0
7900556,2025-10-25,6234.0,800.0,5434.0,189.0,2.25,8.60061479955531,0.0,5.113293749777405,8.188966863648876,5.094042299538209,8.188966863648876,5.191892454834424,8.188966863648876,5.038747067661534,7.783640596221253,2062.5714285714284,1720.142857142857,2930.4444444444443,2244.05291005291,0.0,622.13983,800.0
7900556,2025-10-26,6234.0,800.0,5434.0,189.0,2.25,8.60061479955531,0.0,5.113293749777405,8.188966863648876,5.094042299538209,8.188966863648876,5.191892454834424,8.188966863648876,5.038747067661534,7.783640596221253,2919.714285714286,1762.857142857143,2949.3015873015875,2253.415343915344,0.0,622.13983,800.0
7900556,2025-10-27,6234.0,800.0,5434.0,189.0,2.25,8.60061479955531,0.0,5.113293749777405,8.188966863648876,5.094042299538209,8.188966863648876,5.191892454834424,8.188966863648876,5.038747067661534,7.783640596221253,3776.8571428571427,1805.5714285714287,2968.15873015873,2262.777777777778,0.0,622.13983,800.0
7900556,2025-10-28,6234.0,800.0,5434.0,189.0,2.25,8.60061479955531,0.0,5.113293749777405,8.188966863648876,5.094042299538209,8.188966863648876,5.191892454834424,8.188966863648876,5.038747067661534,7.783640596221253,4634.0,1848.2857142857142,2987.0158730158732,2272.1402116402114,0.0,622.13983,800.0
7900556,2025-10-29,6234.0,800.0,5434.0,189.0,2.25,8.60061479955531,0.0,5.113293749777405,8.188966863648876,5.094042299538209,8.188966863648876,5.191892454834424,8.188966863648876,5.038747067661534,7.783640596221253,5434.0,1891.142857142857,3005.873015873016,2284.677248677249,0.0,622.13983,800.0
7900556,2025-10-30,6234.0,800.0,5434.0,189.0,2.25,8.60061479955531,0.0,5.113293749777405,8.188966863648876,5.094042299538209,8.188966863648876,5.191892454834424,8.188966863648876,5.038747067661534,7.783640596221253,5434.0,1976.857142857143,3024.7301587301586,2297.214285714286,0.0,622.13983,800.0
7900556,2025-10-31,6234.0,800.0,5434.0,189.0,2.25,8.60061479955531,0.0,5.113293749777405,8.188966863648876,5.033855665903096,8.188966863648876,5.191892454834424,8.188966863648876,5.038747067661534,7.783640596221253,5434.0,2062.5714285714284,3043.5873015873017,2309.7513227513227,0.0,619.8788,800.0
7900556,2025-11-01,6234.0,800.0,5434.0,189.0,2.25,8.60061479955531,0.0,5.074346753736016,8.188966863648876,5.033855665903096,8.188966863648876,5.191892454834424,8.188966863648876,5.038747067661534,7.783640596221253,5434.0,2148.285714285714,3068.7936507936506,2322.2883597883597,0.0,619.8788,800.0
7900556,2025-11-02,6234.0,800.0,5434.0,189.0,2.25,8.60061479955531,0.0,5.074346753736016,8.188966863648876,5.033855665903096,8.188966863648876,5.191892454834424,8.188966863648876,4.857831224912263,7.783640596221253,5434.0,2234.0,3094.0,2334.8253968253966,0.0,457.19662,800.0
7900556,2025-11-03,6234.0,800.0,5434.0,189.0,2.25,8.60061479955531,0.0,5.074346753736016,8.188966863648876,5.033855665903096,8.188966863648876,5.118248589488197,8.188966863648876,4.857831224912263,7.783640596221253,5434.0,2319.714285714286,3119.2063492063494,2347.362433862434,0.0,457.19662,800.0
7900556,2025-11-04,6234.0,800.0,5434.0,189.0,2.25,8.60061479955531,0.0,5.074346753736016,8.188966863648876,5.033855665903096,8.188966863648876,5.038747067661534,8.188966863648876,4.857831224912263,7.783640596221253,5434.0,2405.4285714285716,3144.4126984126983,2359.899470899471,0.0,452.43652,800.0
7900556,2025-11-05,6234.0,800.0,5434.0,189.0,2.25,8.60061479955531,0.0,5.0338212015650665,8.188966863648876,5.033855665903096,8.188966863648876,5.038747067661534,8.188966863648876,4.636792546535158,7.783640596221253,5434.0,2491.1428571428573,3175.968253968254,2372.436507936508,0.0,452.43652,800.0
7900556,2025-11-06,6234.0,800.0,5434.0,189.0,2.25,8.60061479955531,0.0,5.0338212015650665,8.188966863648876,5.033855665903096,8.188966863648876,5.038747067661534,8.188966863648876,4.636792546535158,7.783640596221253,5434.0,2662.5714285714284,3207.5238095238096,2384.973544973545,0.0,452.43652,800.0
7900556,2025-11-07,6234.0,800.0,5434.0,189.0,2.25,8.60061479955531,0.0,5.0338212015650665,8.188966863648876,5.033855665903096,8.188966863648876,5.038747067661534,8.188966863648876,4.636792546535158,7.783640596221253,5434.0,2876.8571428571427,3239.0793650793653,2397.510582010582,0.0,452.43652,800.0
7900556,2025-11-08,6234.0,800.0,5434.0,189.0,2.25,8.60061479955531,0.0,5.0338212015650665,8.188966863648876,5.0336488620558075,8.188966863648876,4.952374896574362,8.188966863648876,4.636792546535158,7.783640596221253,5434.0,3091.1428571428573,3270.6349206349205,2410.0476190476193,0.0,452.43652,800.0
7900556,2025-11-09,6234.0,800.0,5434.0,189.0,2.25,8.60061479955531,0.0,5.0338212015650665,8.188966863648876,5.0336488620558075,8.188966863648876,4.952374896574362,8.188966863648876,4.636792546535158,7.783640596221253,5434.0,3305.4285714285716,3302.190476190476,2422.584656084656,0.0,452.43652,800.0
7900556,2025-11-10,6234.0,800.0,5434.0,189.0,2.25,8.60061479955531,0.0,5.0338212015650665,8.188966863648876,5.0336488620558075,8.188966863648876,4.952374896574362,8.188966863648876,4.636792546535158,7.783640596221253,5434.0,3519.714285714286,3333.746031746032,2435.121693121693,0.0,448.4332,800.0
7900556,2025-11-11,6234.0,800.0,5434.0,189.0,2.25,8.60061479955531,0.0,5.0338212015650665,8.188966863648876,5.0336488620558075,8.188966863648876,4.952374896574362,8.188966863648876,4.636792546535158,7.783640596221253,5434.0,3734.0,3365.3015873015875,2447.65873015873,0.0,448.4332,800.0
7900556,2025-11-12,6234.0,800.0,5434.0,189.0,2.25,8.60061479955531,0.0,5.0338212015650665,8.188966863648876,5.0336488620558075,8.188966863648876,4.952374896574362,8.188966863648876,4.636792546535158,7.783640596221253,5434.0,3948.285714285714,3396.8571428571427,2460.195767195767,0.0,448.4332,800.0
7900556,2025-11-13,6234.0,800.0,5434.0,189.0,2.25,8.60061479955531,0.0,5.0338212015650665,8.188966863648876,5.0336488620558075,8.188966863648876,4.952374896574362,8.188966863648876,4.636792546535158,7.783640596221253,5434.0,4162.571428571428,3428.4126984126983,2472.732804232804,0.0,448.4332,800.0
7900556,2025-11-14,11834.0,800.0,11034.0,189.0,2.25,9.308827318690836,0.0,5.0338212015650665,8.188966863648876,5.0336488620558075,8.188966863648876,4.952374896574362,8.188966863648876,4.636792546535158,7.783640596221253,5434.0,4376.857142857143,3459.968253968254,2475.746031746032,0.0,448.4332,800.0
7900556,2025-11-15,11834.0,800.0,11034.0,189.0,2.25,9.308827318690836,0.0,5.0338212015650665,8.188966863648876,5.0336488620558075,8.188966863648876,4.952374896574362,8.188966863648876,4.636792546535158,7.783640596221253,6234.0,4791.142857142857,3521.153439153439,2493.574074074074,0.0,441.16492,800.0
7900556,2025-11-16,11834.0,800.0,11034.0,189.0,2.25,9.308827318690836,0.0,5.0338212015650665,8.188966863648876,5.0336488620558075,8.188966863648876,4.952374896574362,8.188966863648876,4.636792546535158,7.783640596221253,7034.0,5205.428571428572,3582.3386243386244,2511.4021164021165,0.0,439.38925,800.0
7900556,2025-11-17,11834.0,800.0,11034.0,189.0,2.25,9.308827318690836,0.0,5.0338212015650665,8.188966863648876,5.0336488620558075,8.188966863648876,4.952374896574362,8.188966863648876,4.6359676341353175,7.783640596221253,7834.0,5619.714285714285,3643.5238095238096,2529.2301587301586,0.0,439.38925,800.0
7900556,2025-11-18,11834.0,800.0,11034.0,189.0,2.25,9.308827318690836,0.0,5.0338212015650665,8.188966863648876,5.0336488620558075,8.188966863648876,4.952374896574362,8.188966863648876,4.351512589098622,7.783640596221253,8634.0,6034.0,3681.4285714285716,2550.232804232804,0.0,439.38925,800.0
7900556,2025-11-19,11834.0,800.0,11034.0,189.0,2.25,9.308827318690836,0.0,4.9915837074497516,8.188966863648876,5.0336488620558075,8.188966863648876,4.952374896574362,8.188966863648876,4.351512589098622,7.783640596221253,9434.0,6434.0,3725.6825396825398,2571.23544973545,0.0,439.38925,800.0
7900556,2025-11-20,11834.0,800.0,11034.0,189.0,2.25,9.308827318690836,0.0,4.9915837074497516,8.188966863648876,5.0336488620558075,8.188966863648876,4.952374896574362,8.188966863648876,4.351512589098622,7.783640596221253,10234.0,6634.0,3769.936507936508,2598.5873015873017,0.0,439.38925,800.0
7900556,2025-11-21,11834.0,800.0,11034.0,189.0,2.25,9.308827318690836,0.0,4.9915837074497516,8.188966863648876,5.0336488620558075,8.188966863648876,4.952374896574362,8.188966863648876,4.351512589098622,7.783640596221253,11034.0,6834.0,3814.190476190476,2625.9391534391534,0.0,439.38925,800.0
7900556,2025-11-22,11834.0,800.0,11034.0,189.0,2.25,9.308827318690836,0.0,4.947483230547215,8.188966863648876,4.9695928167176495,8.188966863648876,4.753406755354222,8.188966863648876,4.351512589098622,7.783640596221253,11034.0,7034.0,3864.7936507936506,2653.291005291005,0.0,424.05536,800.0
7900556,2025-11-23,11834.0,800.0,11034.0,189.0,2.25,9.308827318690836,0.0,4.947483230547215,8.188966863648876,4.9695928167176495,8.188966863648876,4.7530397828730395,8.188966863648876,4.351512589098622,7.783640596221253,11034.0,7234.0,3915.3968253968255,2680.6428571428573,0.0,424.05536,800.0
7900556,2025-11-24,11834.0,800.0,11034.0,189.0,2.25,9.308827318690836,0.0,4.947483230547215,8.188966863648876,4.9695928167176495,8.188966863648876,4.7530397828730395,8.188966863648876,4.351512589098622,7.783640596221253,11034.0,7434.0,3966.0,2707.994708994709,0.0,424.05536,800.0
7900556,2025-11-25,11834.0,800.0,11034.0,189.0,2.25,9.308827318690836,0.0,4.947483230547215,8.188966863648876,4.9695928167176495,8.188966863648876,4.7530397828730395,8.188966863648876,3.2783483439699777,7.0909098220799835,11034.0,7634.0,4016.6031746031745,2735.346560846561,0.0,347.88663,800.0
7900556,2025-11-26,11834.0,800.0,11034.0,189.0,2.25,9.308827318690836,0.0,4.947408082129054,8.188966863648876,4.900796807250744,8.188966863648876,4.7530397828730395,8.188966863648876,0.0,0.0,11034.0,7834.0,4067.2169312169312,2762.6984126984125,0.0,309.11005,800.0
7900556,2025-11-27,11834.0,800.0,11034.0,189.0,2.25,9.308827318690836,0.0,4.947408082129054,8.188966863648876,4.900796807250744,8.188966863648876,4.7530397828730395,8.188966863648876,0.0,0.0,11034.0,8034.0,4117.830687830688,2783.701058201058,0.0,309.11005,800.0
7900556,2025-11-28,11834.0,800.0,11034.0,189.0,2.25,9.308827318690836,0.0,4.947408082129054,8.188966863648876,4.900796807250744,8.188966863648876,4.7530397828730395,8.188966863648876,0.0,0.0,11034.0,8234.0,4168.444444444444,2804.703703703704,0.0,309.11005,800.0
7900556,2025-11-29,11834.0,800.0,11034.0,189.0,2.25,9.308827318690836,0.0,4.947408082129054,8.188966863648876,4.900796807250744,8.188966863648876,4.7530397828730395,8.188966863648876,0.0,0.0,11034.0,8434.0,4219.058201058201,2825.7063492063494,0.0,309.11005,800.0
7900556,2025-11-30,11834.0,800.0,11034.0,189.0,2.25,9.308827318690836,0.0,4.947408082129054,8.188966863648876,4.900796807250744,8.188966863648876,4.7530397828730395,8.188966863648876,0.0,0.0,11034.0,8634.0,4269.671957671958,2846.708994708995,0.0,309.11005,800.0
7900556,2025-12-01,10634.0,800.0,9834.0,189.0,2.25,9.19370273082316,0.0,4.947408082129054,8.188966863648876,4.900796807250744,8.188966863648876,4.7530397828730395,8.188966863648876,0.0,0.0,11034.0,8834.0,4320.285714285715,2867.7116402116403,0.0,309.11005,800.0
7900556,2025-12-02,10634.0,800.0,9834.0,189.0,2.25,9.19370273082316,0.0,4.99151180121545,8.188966863648876,4.969262001254523,8.188966863648876,4.5042913384047525,7.783640596221253,3.2783483439699777,7.0909098220799835,10862.57142857143,8991.142857142857,4345.5026455026455,2885.5396825396824,0.0,347.88663,800.0
7900556,2025-12-03,10634.0,800.0,9834.0,189.0,2.25,9.19370273082316,0.0,4.947408082129054,8.188966863648876,4.969262001254523,8.188966863648876,4.5042913384047525,7.783640596221253,3.2783483439699777,7.0909098220799835,10691.142857142857,9148.285714285714,4377.068783068783,2903.367724867725,0.0,347.88663,800.0
7900556,2025-12-04,10634.0,800.0,9834.0,189.0,2.25,9.19370273082316,0.0,4.947408082129054,8.188966863648876,4.969262001254523,8.188966863648876,4.5042913384047525,7.783640596221253,3.2783483439699777,7.0909098220799835,10519.714285714286,9305.42857142857,4408.6349206349205,2921.195767195767,0.0,347.88663,800.0
7900556,2025-12-05,10634.0,800.0,9834.0,189.0,2.25,9.19370273082316,0.0,4.9471826029849195,8.188966863648876,4.900796807250744,8.188966863648876,4.5042913384047525,7.783640596221253,3.2783483439699777,7.0909098220799835,10348.285714285714,9462.57142857143,4440.2328042328045,2942.1984126984125,0.0,347.88663,800.0
7900556,2025-12-06,10634.0,800.0,9834.0,189.0,2.25,9.19370273082316,0.0,4.9471826029849195,8.188966863648876,4.8272973479377095,8.188966863648876,4.5042913384047525,7.783640596221253,3.2783483439699777,7.0909098220799835,10176.857142857143,9619.714285714286,4471.830687830688,2963.201058201058,0.0,347.88663,800.0
7900556,2025-12-07,10634.0,800.0,9834.0,189.0,2.25,9.19370273082316,0.0,4.9471826029849195,8.188966863648876,4.8272973479377095,8.188966863648876,4.5042913384047525,7.783640596221253,3.2783483439699777,7.0909098220799835,10005.42857142857,9776.857142857143,4503.428571428572,2984.203703703704,0.0,347.88663,800.0
7900556,2025-12-08,10634.0,800.0,9834.0,189.0,2.25,9.19370273082316,0.0,4.9471826029849195,8.188966863648876,4.8272973479377095,8.188966863648876,4.5042913384047525,7.783640596221253,3.2783483439699777,7.0909098220799835,9834.0,9934.0,4535.026455026455,3005.2063492063494,0.0,347.88663,800.0
7900556,2025-12-09,10634.0,800.0,9834.0,189.0,2.25,9.19370273082316,0.0,4.9471826029849195,8.188966863648876,4.8272973479377095,8.188966863648876,4.5042913384047525,7.783640596221253,3.2783483439699777,7.0909098220799835,9834.0,10091.142857142857,4566.624338624339,3026.208994708995,0.0,347.88663,800.0
7900556,2025-12-10,10634.0,800.0,9834.0,189.0,2.25,9.19370273082316,0.0,4.9471826029849195,8.188966863648876,4.747964104225103,8.188966863648876,4.5042913384047525,7.783640596221253,3.2783483439699777,7.0909098220799835,9834.0,10248.285714285714,4598.222222222223,3047.2116402116403,0.0,347.88663,800.0
7900556,2025-12-11,9434.0,800.0,8634.0,189.0,2.25,9.06357899058078,0.0,4.9471826029849195,8.188966863648876,4.747964104225103,8.188966863648876,4.5042913384047525,7.783640596221253,3.2783483439699777,7.0909098220799835,9834.0,10405.42857142857,4629.820105820106,3068.214285714286,0.0,347.88663,800.0
7900556,2025-12-12,9434.0,800.0,8634.0,189.0,2.25,9.06357899058078,0.0,4.9471826029849195,8.188966863648876,4.8272973479377095,8.188966863648876,4.636380175395294,7.783640596221253,3.952470461732613,7.0909098220799835,9662.57142857143,10519.714285714286,4661.41798941799,3086.05291005291,0.0,347.88663,800.0
7900556,2025-12-13,9434.0,800.0,8634.0,189.0,2.25,9.06357899058078,0.0,4.9471826029849195,8.188966863648876,4.8272973479377095,8.188966863648876,4.636380175395294,7.783640596221253,3.952470461732613,7.0909098220799835,9491.142857142857,10434.0,4693.015873015873,3103.8915343915346,0.0,347.88663,800.0
7900556,2025-12-14,9434.0,800.0,8634.0,189.0,2.25,9.06357899058078,0.0,4.9471826029849195,8.188966863648876,4.8272973479377095,8.188966863648876,4.636380175395294,7.783640596221253,3.952470461732613,7.0909098220799835,9319.714285714286,10348.285714285714,4724.613756613757,3121.7301587301586,0.0,347.88663,800.0
7900556,2025-12-15,8234.0,800.0,7434.0,189.0,2.25,8.913953858894255,0.0,4.9471826029849195,8.188966863648876,4.8272973479377095,8.188966863648876,4.636380175395294,7.783640596221253,3.952470461732613,7.0909098220799835,9148.285714285714,10262.57142857143,4756.21164021164,3139.568783068783,0.0,347.88663,800.0
7900556,2025-12-16,8234.0,800.0,7434.0,189.0,2.25,8.913953858894255,0.0,4.9912960514843,8.188966863648876,4.900796807250744,8.188966863648876,4.7530397828730395,7.783640596221253,4.351512589098622,7.0909098220799835,8805.42857142857,10134.0,4781.460317460317,3157.4074074074074,0.0,347.88663,800.0
7900556,2025-12-17,7034.0,800.0,6234.0,189.0,2.25,8.737933858114136,0.0,4.9912960514843,8.188966863648876,4.900796807250744,8.188966863648876,4.7530397828730395,7.783640596221253,4.351512589098622,7.0909098220799835,8462.57142857143,10005.42857142857,4806.708994708994,3175.246031746032,0.0,347.88663,800.0
7900556,2025-12-18,7034.0,800.0,6234.0,189.0,2.25,8.737933858114136,0.0,5.033545444092015,8.188966863648876,4.969262001254523,8.188966863648876,4.857500646396856,7.783640596221253,4.6359676341353175,7.0909098220799835,7948.285714285715,9834.0,4825.608465608466,3189.910052910053,0.0,347.88663,800.0
7900556,2025-12-19,7034.0,800.0,6234.0,189.0,2.25,8.737933858114136,0.0,4.9912960514843,8.188966863648876,4.969262001254523,8.188966863648876,4.7530397828730395,7.783640596221253,4.6359676341353175,7.0909098220799835,7605.428571428572,9662.57142857143,4850.857142857143,3204.574074074074,0.0,347.88663,800.0
7900556,2025-12-20,7034.0,800.0,6234.0,189.0,2.25,8.737933858114136,0.0,4.9912960514843,8.188966863648876,4.969262001254523,8.188966863648876,4.7530397828730395,7.783640596221253,4.6359676341353175,7.0909098220799835,7262.571428571428,9491.142857142857,4876.10582010582,3219.2380952380954,0.0,347.88663,800.0
7900556,2025-12-21,7034.0,800.0,6234.0,189.0,2.25,8.737933858114136,0.0,4.9912960514843,8.188966863648876,4.969262001254523,8.188966863648876,4.7530397828730395,7.783640596221253,4.6359676341353175,7.0909098220799835,6919.714285714285,9319.714285714286,4901.354497354498,3233.9021164021165,0.0,347.88663,800.0
7900556,2025-12-22,7034.0,800.0,6234.0,189.0,2.25,8.737933858114136,0.0,4.9912960514843,8.188966863648876,4.969262001254523,8.188966863648876,4.636380175395294,7.783640596221253,4.6359676341353175,7.0909098220799835,6576.857142857143,9148.285714285714,4926.603174603175,3248.5661375661375,0.0,347.88663,800.0
7900556,2025-12-23,7034.0,800.0,6234.0,189.0,2.25,8.737933858114136,0.0,4.9912960514843,8.188966863648876,4.969262001254523,8.188966863648876,4.636380175395294,7.783640596221253,4.6359676341353175,7.0909098220799835,6405.428571428572,8976.857142857143,4951.851851851852,3263.2301587301586,0.0,347.88663,800.0
7900556,2025-12-24,7034.0,800.0,6234.0,189.0,2.25,8.737933858114136,0.0,4.9912960514843,8.188966863648876,4.8272973479377095,8.188966863648876,4.636380175395294,7.783640596221253,4.6359676341353175,7.0909098220799835,6234.0,8805.42857142857,4977.1005291005295,3277.89417989418,0.0,347.88663,800.0
7900556,2025-12-25,7034.0,800.0,6234.0,189.0,2.25,8.737933858114136,0.0,4.9912960514843,8.188966863648876,4.827043089100846,8.188966863648876,4.636380175395294,7.783640596221253,4.6359676341353175,7.0909098220799835,6234.0,8634.0,4974.8359788359785,3292.558201058201,0.0,347.88663,800.0
7900556,2025-12-26,7034.0,800.0,6234.0,189.0,2.25,8.737933858114136,0.0,4.9471826029849195,8.188966863648876,4.827043089100846,8.188966863648876,4.636380175395294,7.783640596221253,4.6359676341353175,7.0909098220799835,6234.0,8462.57142857143,4978.920634920635,3307.222222222222,0.0,347.88663,800.0
7900556,2025-12-27,7034.0,800.0,6234.0,189.0,2.25,8.737933858114136,0.0,4.901032990530066,8.188966863648876,4.827043089100846,8.188966863648876,4.636380175395294,7.783640596221253,4.6359676341353175,7.0909098220799835,6234.0,8291.142857142857,4989.354497354498,3321.886243386243,0.0,347.88663,800.0
7900556,2025-12-28,7034.0,800.0,6234.0,189.0,2.25,8.737933858114136,0.0,4.901032990530066,8.188966863648876,4.827043089100846,8.188966863648876,4.636380175395294,7.783640596221253,4.6359676341353175,7.0909098220799835,6234.0,8119.714285714285,4999.78835978836,3336.5502645502647,0.0,347.88663,800.0
7900556,2025-12-29,7034.0,800.0,6234.0,189.0,2.25,8.737933858114136,0.0,4.901032990530066,8.188966863648876,4.827043089100846,8.188966863648876,4.636380175395294,7.783640596221253,4.6359676341353175,7.0909098220799835,6234.0,7948.285714285715,5010.222222222223,3351.214285714286,0.0,347.88663,800.0
7900556,2025-12-30,7034.0,800.0,6234.0,189.0,2.25,8.737933858114136,0.0,4.901032990530066,8.188966863648876,4.827043089100846,8.188966863648876,4.636380175395294,7.783640596221253,4.6359676341353175,7.0909098220799835,6234.0,7819.714285714285,5020.656084656084,3365.878306878307,0.0,347.88663,800.0
7900556,2025-12-31,7034.0,800.0,6234.0,189.0,2.25,8.737933858114136,0.0,4.901032990530066,8.188966863648876,4.827043089100846,8.188966863648876,4.636380175395294,7.783640596221253,4.6359676341353175,7.0909098220799835,6234.0,7691.142857142857,5031.089947089947,3380.542328042328,0.0,347.88663,800.0
7900556,2026-01-01,7034.0,800.0,6234.0,189.0,2.25,8.737933858114136,0.0,4.901032990530066,8.188966863648876,4.827043089100846,8.188966863648876,4.636380175395294,7.783640596221253,4.6359676341353175,7.0909098220799835,6234.0,7562.571428571428,5041.523809523809,3395.2063492063494,0.0,347.88663,800.0
7900556,2026-01-02,7034.0,800.0,6234.0,189.0,2.25,8.737933858114136,0.0,4.852650111456974,8.188966863648876,4.827043089100846,8.188966863648876,4.636380175395294,7.783640596221253,4.6359676341353175,7.0909098220799835,6234.0,7434.0,5058.306878306878,3409.8703703703704,0.0,347.88663,800.0
7900556,2026-01-03,7034.0,800.0,6234.0,189.0,2.25,8.737933858114136,0.0,4.852650111456974,8.188966863648876,4.567155094986618,7.783640596221253,4.6359676341353175,7.783640596221253,4.6359676341353175,7.0909098220799835,6234.0,7305.428571428572,5075.089947089947,3424.5343915343915,0.0,347.88663,800.0
7900556,2026-01-04,7034.0,800.0,6234.0,189.0,2.25,8.737933858114136,0.0,4.852650111456974,8.188966863648876,4.567155094986618,7.783640596221253,4.503820528603213,7.783640596221253,4.6359676341353175,7.0909098220799835,6234.0,7176.857142857143,5091.873015873016,3439.1984126984125,0.0,347.88663,800.0
7900556,2026-01-05,7034.0,800.0,6234.0,189.0,2.25,8.737933858114136,0.0,4.852650111456974,8.188966863648876,4.567155094986618,7.783640596221253,4.503820528603213,7.783640596221253,4.6359676341353175,7.0909098220799835,6234.0,7048.285714285715,5108.656084656084,3453.862433862434,0.0,347.88663,800.0
7900556,2026-01-06,7034.0,800.0,6234.0,189.0,2.25,8.737933858114136,0.0,4.852650111456974,8.188966863648876,4.567155094986618,7.783640596221253,4.503820528603213,7.783640596221253,4.6359676341353175,7.0909098220799835,6234.0,6919.714285714285,5125.439153439153,3468.526455026455,0.0,347.88663,800.0
7900556,2026-01-07,5834.0,800.0,5034.0,189.0,2.25,8.524168805152662,0.0,4.852650111456974,8.188966863648876,4.567155094986618,7.783640596221253,4.503820528603213,7.783640596221253,4.6359676341353175,7.0909098220799835,6234.0,6791.142857142857,5112.592592592592,3483.190476190476,0.0,447.0176,800.0
7900556,2026-01-08,4634.0,800.0,3834.0,189.0,2.25,8.251924713801357,0.0,4.901032990530066,8.188966863648876,4.661490506221276,7.783640596221253,4.6359676341353175,7.783640596221253,4.857169958563154,7.0909098220799835,6062.571428571428,6619.714285714285,5093.396825396825,3494.6798941798943,0.0,447.0176,800.0
7900556,2026-01-09,4634.0,800.0,3834.0,189.0,2.25,8.251924713801357,0.0,4.9471826029849195,8.188966863648876,4.74768884961285,7.783640596221253,4.752672675673616,7.783640596221253,5.038195267399223,7.0909098220799835,5719.714285714285,6448.285714285715,5067.851851851852,3502.994708994709,0.0,616.2358,800.0
7900556,2026-01-10,4634.0,800.0,3834.0,189.0,2.25,8.251924713801357,0.0,4.947032255305628,8.188966863648876,4.74768884961285,7.783640596221253,4.752672675673616,7.783640596221253,5.038195267399223,7.0909098220799835,5376.857142857143,6276.857142857143,5042.328042328042,3511.309523809524,0.0,616.2358,800.0
7900556,2026-01-11,4634.0,800.0,3834.0,189.0,2.25,8.251924713801357,0.0,4.947032255305628,8.188966863648876,4.74768884961285,7.783640596221253,4.503820528603213,7.0909098220799835,5.038195267399223,7.0909098220799835,5034.0,6105.428571428572,5016.804232804233,3519.6243386243386,0.0,589.3364,800.0
7900556,2026-01-12,4634.0,800.0,3834.0,189.0,2.25,8.251924713801357,0.0,4.947032255305628,8.188966863648876,4.74768884961285,7.783640596221253,4.351512589098622,7.0909098220799835,5.038195267399223,7.0909098220799835,4691.142857142857,5934.0,4991.280423280423,3527.9391534391534,0.0,589.3364,800.0
7900556,2026-01-13,3434.0,800.0,2634.0,189.0,2.25,7.876638460975463,0.0,4.947032255305628,8.188966863648876,4.74768884961285,7.783640596221253,4.351512589098622,7.0909098220799835,5.038195267399223,7.0909098220799835,4348.285714285715,5805.428571428572,4965.756613756614,3536.253968253968,0.0,594.5604,800.0
7900556,2026-01-14,3434.0,800.0,2634.0,189.0,2.25,7.876638460975463,0.0,4.99115219246589,8.188966863648876,4.827043089100846,7.783640596221253,4.503820528603213,7.0909098220799835,5.191419026017438,7.0909098220799835,3834.0,5634.0,4933.883597883598,3541.39417989418,0.0,594.5604,800.0
7900556,2026-01-15,3434.0,800.0,2634.0,189.0,2.25,7.876638460975463,0.0,4.99115219246589,8.188966863648876,4.827043089100846,7.783640596221253,4.503820528603213,7.0909098220799835,5.191419026017438,7.0909098220799835,3491.1428571428573,5505.428571428572,4902.010582010582,3546.5343915343915,0.0,594.5604,800.0
7900556,2026-01-16,3434.0,800.0,2634.0,189.0,2.25,7.876638460975463,0.0,4.99115219246589,8.188966863648876,4.827043089100846,7.783640596221253,4.503820528603213,7.0909098220799835,5.191419026017438,7.0909098220799835,3319.714285714286,5376.857142857143,4870.137566137566,3551.6746031746034,0.0,594.5604,800.0
7900556,2026-01-17,3434.0,800.0,2634.0,189.0,2.25,7.876638460975463,0.0,4.99115219246589,8.188966863648876,4.827043089100846,7.783640596221253,4.503820528603213,7.0909098220799835,5.191419026017438,7.0909098220799835,3148.285714285714,5248.285714285715,4838.26455026455,3556.814814814815,0.0,594.5604,800.0
7900556,2026-01-18,3434.0,800.0,2634.0,189.0,2.25,7.876638460975463,0.0,4.99115219246589,8.188966863648876,4.827043089100846,7.783640596221253,4.503820528603213,7.0909098220799835,5.038195267399223,7.0909098220799835,2976.8571428571427,5119.714285714285,4806.391534391534,3561.9550264550267,0.0,594.5604,800.0
7900556,2026-01-19,3434.0,800.0,2634.0,189.0,2.25,7.876638460975463,0.0,4.99115219246589,8.188966863648876,4.827043089100846,7.783640596221253,4.503820528603213,7.0909098220799835,5.038195267399223,7.0909098220799835,2805.4285714285716,4991.142857142857,4774.518518518518,3567.095238095238,0.0,594.5604,800.0
7900556,2026-01-20,3434.0,800.0,2634.0,189.0,2.25,7.876638460975463,0.0,4.99115219246589,8.188966863648876,4.74768884961285,7.783640596221253,4.503820528603213,7.0909098220799835,5.038195267399223,7.0909098220799835,2634.0,4862.571428571428,4742.645502645502,3572.23544973545,0.0,594.5604,800.0
7900556,2026-01-21,3434.0,800.0,2634.0,189.0,2.25,7.876638460975463,0.0,4.99115219246589,8.188966863648876,4.74768884961285,7.783640596221253,4.503820528603213,7.0909098220799835,5.038195267399223,7.0909098220799835,2634.0,4734.0,4710.772486772486,3571.026455026455,0.0,594.5604,800.0
7900556,2026-01-22,3434.0,800.0,2634.0,189.0,2.25,7.876638460975463,0.0,4.99115219246589,8.188966863648876,4.74768884961285,7.783640596221253,4.503820528603213,7.0909098220799835,5.038195267399223,7.0909098220799835,2634.0,4605.428571428572,4678.8994708994705,3572.9920634920636,0.0,594.5604,800.0
7900556,2026-01-23,3434.0,800.0,2634.0,189.0,2.25,7.876638460975463,0.0,4.99115219246589,8.188966863648876,4.661490506221276,7.783640596221253,4.503820528603213,7.0909098220799835,5.038195267399223,7.0909098220799835,2634.0,4476.857142857143,4647.026455026455,3578.132275132275,0.0,594.5604,800.0
7900556,2026-01-24,3434.0,800.0,2634.0,189.0,2.25,7.876638460975463,0.0,4.947032255305628,8.188966863648876,4.661490506221276,7.783640596221253,4.503820528603213,7.0909098220799835,5.038195267399223,7.0909098220799835,2634.0,4348.285714285715,4621.5026455026455,3583.272486772487,0.0,594.5604,800.0
7900556,2026-01-25,3434.0,800.0,2634.0,189.0,2.25,7.876638460975463,0.0,4.947032255305628,8.188966863648876,4.661490506221276,7.783640596221253,4.503820528603213,7.0909098220799835,5.038195267399223,7.0909098220799835,2634.0,4219.714285714285,4595.978835978836,3588.4126984126983,0.0,594.5604,800.0
7900556,2026-01-26,3434.0,800.0,2634.0,189.0,2.25,7.876638460975463,0.0,4.947032255305628,8.188966863648876,4.661490506221276,7.783640596221253,4.503820528603213,7.0909098220799835,5.038195267399223,7.0909098220799835,2634.0,4091.1428571428573,4570.455026455026,3593.55291005291,0.0,594.5604,800.0
7900556,2026-01-27,3434.0,800.0,2634.0,189.0,2.25,7.876638460975463,0.0,4.947032255305628,8.188966863648876,4.661490506221276,7.783640596221253,4.503820528603213,7.0909098220799835,5.038195267399223,7.0909098220799835,2634.0,3962.5714285714284,4544.931216931217,3598.6931216931216,0.0,594.5604,800.0
7900556,2026-01-28,3434.0,800.0,2634.0,189.0,2.25,7.876638460975463,0.0,4.900639320735202,8.188966863648876,4.661490506221276,7.783640596221253,4.503820528603213,7.0909098220799835,4.857169958563154,7.0909098220799835,2634.0,3834.0,4525.78835978836,3603.8333333333335,0.0,427.1176,800.0
7900556,2026-01-29,3434.0,800.0,2634.0,189.0,2.25,7.876638460975463,0.0,4.900639320735202,8.188966863648876,4.661490506221276,7.783640596221253,4.503820528603213,7.0909098220799835,4.857169958563154,7.0909098220799835,2634.0,3705.4285714285716,4506.645502645502,3608.973544973545,0.0,427.1176,800.0
7900556,2026-01-30,3434.0,800.0,2634.0,189.0,2.25,7.876638460975463,0.0,4.900639320735202,8.188966863648876,4.661490506221276,7.783640596221253,4.503820528603213,7.0909098220799835,4.857169958563154,7.0909098220799835,2634.0,3576.8571428571427,4487.5026455026455,3617.2883597883597,0.0,427.1176,800.0
7900556,2026-01-31,3434.0,800.0,2634.0,189.0,2.25,7.876638460975463,0.0,4.900639320735202,8.188966863648876,4.661490506221276,7.783640596221253,4.503820528603213,7.0909098220799835,4.857169958563154,7.0909098220799835,2634.0,3448.285714285714,4468.359788359789,3625.6031746031745,0.0,427.1176,800.0
7900556,2026-02-01,3434.0,800.0,2634.0,189.0,2.25,7.876638460975463,0.0,4.900639320735202,8.188966863648876,4.661490506221276,7.783640596221253,4.503820528603213,7.0909098220799835,4.6359676341353175,7.0909098220799835,2634.0,3319.714285714286,4449.216931216931,3633.9179894179892,0.0,431.12094,800.0
7900556,2026-02-02,3434.0,800.0,2634.0,189.0,2.25,7.876638460975463,0.0,4.900639320735202,8.188966863648876,4.661490506221276,7.783640596221253,4.503820528603213,7.0909098220799835,4.6359676341353175,7.0909098220799835,2634.0,3191.1428571428573,4430.074074074074,3642.232804232804,0.0,431.12094,800.0
7900556,2026-02-03,2234.0,800.0,1434.0,189.0,2.25,7.268920128193722,0.0,4.900639320735202,8.188966863648876,4.661490506221276,7.783640596221253,4.503820528603213,7.0909098220799835,4.351512589098622,7.0909098220799835,2634.0,3062.5714285714284,4410.931216931217,3641.0238095238096,0.0,483.6881,800.0
7900556,2026-02-04,7834.0,800.0,7034.0,189.0,2.25,8.858652969548489,0.0,4.946806691394898,8.188966863648876,4.747413519214636,7.783640596221253,4.6359676341353175,7.0909098220799835,4.6359676341353175,7.0909098220799835,2462.5714285714284,2891.1428571428573,4385.439153439153,3636.6402116402114,0.0,326.7661,800.0
7900556,2026-02-05,7834.0,800.0,7034.0,189.0,2.25,8.858652969548489,0.0,4.946806691394898,8.188966863648876,4.661190386171004,7.783640596221253,4.6359676341353175,7.0909098220799835,4.6359676341353175,7.0909098220799835,3091.1428571428573,2962.5714285714284,4389.576719576719,3650.246031746032,0.0,326.7661,800.0
7900556,2026-02-06,7834.0,800.0,7034.0,189.0,2.25,8.858652969548489,0.0,4.900639320735202,8.188966863648876,4.661190386171004,7.783640596221253,4.6359676341353175,7.0909098220799835,4.6359676341353175,7.0909098220799835,3719.714285714286,3076.8571428571427,4400.063492063492,3663.8518518518517,0.0,326.7661,800.0
7900556,2026-02-07,7834.0,800.0,7034.0,189.0,2.25,8.858652969548489,0.0,4.8522369224584505,8.188966863648876,4.661190386171004,7.783640596221253,4.6359676341353175,7.0909098220799835,4.6359676341353175,7.0909098220799835,4348.285714285715,3191.1428571428573,4416.8994708994705,3677.457671957672,0.0,326.7661,800.0
7900556,2026-02-08,7834.0,800.0,7034.0,189.0,2.25,8.858652969548489,0.0,4.8522369224584505,8.188966863648876,4.661190386171004,7.783640596221253,4.6359676341353175,7.0909098220799835,4.6359676341353175,7.0909098220799835,4976.857142857143,3305.4285714285716,4433.73544973545,3691.063492063492,0.0,326.7661,800.0
7900556,2026-02-09,6634.0,800.0,5834.0,189.0,2.25,8.671629544720656,0.0,4.8522369224584505,8.188966863648876,4.661190386171004,7.783640596221253,4.6359676341353175,7.0909098220799835,4.6359676341353175,7.0909098220799835,5605.428571428572,3419.714285714286,4450.571428571428,3704.669312169312,0.0,322.7628,800.0
7900556,2026-02-10,6634.0,800.0,5834.0,189.0,2.25,8.671629544720656,0.0,4.900639320735202,8.188966863648876,4.747413519214636,7.783640596221253,4.752672675673616,7.0909098220799835,4.857169958563154,7.0909098220799835,6062.571428571428,3491.1428571428573,4461.058201058201,3715.100529100529,0.0,322.7628,800.0
7900556,2026-02-11,6634.0,800.0,5834.0,189.0,2.25,8.671629544720656,0.0,4.8522369224584505,8.188966863648876,4.747413519214636,7.783640596221253,4.752672675673616,7.0909098220799835,4.857169958563154,7.0909098220799835,6691.142857142857,3605.4285714285716,4477.89417989418,3728.714285714286,0.0,322.7628,800.0
7900556,2026-02-12,6634.0,800.0,5834.0,189.0,2.25,8.671629544720656,0.0,4.8522369224584505,8.188966863648876,4.566825279680198,7.0909098220799835,4.752672675673616,7.0909098220799835,4.857169958563154,7.0909098220799835,6519.714285714285,3719.714285714286,4494.730158730159,3742.328042328042,0.0,273.84396,800.0
7900556,2026-02-13,5434.0,800.0,4634.0,189.0,2.25,8.441391477999955,0.0,4.8522369224584505,8.188966863648876,4.462618642004185,7.0909098220799835,4.752672675673616,7.0909098220799835,4.857169958563154,7.0909098220799835,6348.285714285715,3834.0,4511.5661375661375,3755.941798941799,0.0,372.97485,800.0
7900556,2026-02-14,5434.0,800.0,4634.0,189.0,2.25,8.441391477999955,0.0,4.900639320735202,8.188966863648876,4.566825279680198,7.0909098220799835,4.857169958563154,7.0909098220799835,5.038195267399223,7.0909098220799835,6005.428571428572,3905.4285714285716,4522.05291005291,3766.3809523809523,0.0,540.4178,800.0
7900556,2026-02-15,5434.0,800.0,4634.0,189.0,2.25,8.441391477999955,0.0,4.900639320735202,8.188966863648876,4.566825279680198,7.0909098220799835,4.857169958563154,7.0909098220799835,5.038195267399223,7.0909098220799835,5662.571428571428,3976.8571428571427,4532.539682539683,3776.8201058201057,0.0,540.4178,800.0
7900556,2026-02-16,5434.0,800.0,4634.0,189.0,2.25,8.441391477999955,0.0,4.900639320735202,8.188966863648876,4.566825279680198,7.0909098220799835,4.857169958563154,7.0909098220799835,5.038195267399223,7.0909098220799835,5319.714285714285,4048.285714285714,4543.026455026455,3787.259259259259,0.0,540.4178,800.0
7900556,2026-02-17,5434.0,800.0,4634.0,189.0,2.25,8.441391477999955,0.0,4.900639320735202,8.188966863648876,4.566825279680198,7.0909098220799835,4.857169958563154,7.0909098220799835,5.038195267399223,7.0909098220799835,5148.285714285715,4119.714285714285,4553.513227513227,3797.6984126984125,0.0,540.4178,800.0
7900556,2026-02-18,5434.0,800.0,4634.0,189.0,2.25,8.441391477999955,0.0,4.900639320735202,8.188966863648876,4.566825279680198,7.0909098220799835,4.857169958563154,7.0909098220799835,5.038195267399223,7.0909098220799835,4976.857142857143,4191.142857142857,4564.0,3811.3121693121693,0.0,540.4178,800.0
7900556,2026-02-19,5434.0,800.0,4634.0,189.0,2.25,8.441391477999955,0.0,4.900639320735202,8.188966863648876,4.566825279680198,7.0909098220799835,4.857169958563154,7.0909098220799835,5.038195267399223,7.0909098220799835,4805.428571428572,4262.571428571428,4574.486772486773,3824.925925925926,0.0,540.4178,800.0
7900556,2026-02-20,4234.0,800.0,3434.0,189.0,2.25,8.14177220465645,0.0,4.900639320735202,8.188966863648876,4.566825279680198,7.0909098220799835,4.857169958563154,7.0909098220799835,5.038195267399223,7.0909098220799835,4634.0,4334.0,4584.973544973545,3838.5396825396824,0.0,545.6418,800.0
7900556,2026-02-21,4234.0,800.0,3434.0,189.0,2.25,8.14177220465645,0.0,4.946806691394898,8.188966863648876,4.661190386171004,7.0909098220799835,4.951773302331524,7.0909098220799835,5.191419026017438,7.0909098220799835,4462.571428571428,4362.571428571428,4589.111111111111,3848.989417989418,0.0,545.6418,800.0
7900556,2026-02-22,4234.0,800.0,3434.0,189.0,2.25,8.14177220465645,0.0,4.946806691394898,8.188966863648876,4.661190386171004,7.0909098220799835,4.951773302331524,7.0909098220799835,5.191419026017438,7.0909098220799835,4291.142857142857,4391.142857142857,4593.248677248677,3859.4391534391534,0.0,545.6418,800.0
7900556,2026-02-23,4234.0,800.0,3434.0,189.0,2.25,8.14177220465645,0.0,4.946806691394898,8.188966863648876,4.661190386171004,7.0909098220799835,4.951773302331524,7.0909098220799835,5.191419026017438,7.0909098220799835,4119.714285714285,4419.714285714285,4597.386243386243,3869.8888888888887,0.0,545.6418,800.0
7900556,2026-02-24,4234.0,800.0,3434.0,189.0,2.25,8.14177220465645,0.0,4.946806691394898,8.188966863648876,4.661190386171004,7.0909098220799835,4.951773302331524,7.0909098220799835,5.038195267399223,7.0909098220799835,3948.285714285714,4448.285714285715,4601.523809523809,3880.3386243386244,0.0,545.6418,800.0
7900556,2026-02-25,4234.0,800.0,3434.0,189.0,2.25,8.14177220465645,0.0,4.8522369224584505,8.188966863648876,4.661190386171004,7.0909098220799835,4.951773302331524,7.0909098220799835,4.857169958563154,7.0909098220799835,3776.8571428571427,4476.857142857143,4618.359788359789,3881.26455026455,0.0,378.1988,800.0
7900556,2026-02-26,8634.0,800.0,7834.0,189.0,2.25,8.966356154790121,0.0,4.8520715990441445,8.188966863648876,4.661190386171004,7.0909098220799835,4.951773302331524,7.0909098220799835,4.857169958563154,7.0909098220799835,3605.4285714285716,4505.428571428572,4635.216931216931,3885.3650793650795,0.0,273.84396,800.0
7900556,2026-02-27,8634.0,800.0,7834.0,189.0,2.25,8.966356154790121,0.0,4.8520715990441445,8.188966863648876,4.661190386171004,7.0909098220799835,4.951773302331524,7.0909098220799835,4.857169958563154,7.0909098220799835,4062.5714285714284,4691.142857142857,4675.354497354498,3901.10582010582,0.0,273.84396,800.0
7900556,2026-02-28,8634.0,800.0,7834.0,189.0,2.25,8.966356154790121,0.0,4.8520715990441445,8.188966863648876,4.661190386171004,7.0909098220799835,4.951773302331524,7.0909098220799835,4.857169958563154,7.0909098220799835,4691.142857142857,4876.857142857143,4715.492063492064,3916.846560846561,0.0,273.84396,800.0
7900556,2026-03-01,8634.0,800.0,7834.0,189.0,2.25,8.966356154790121,0.0,4.8520715990441445,8.188966863648876,4.661190386171004,7.0909098220799835,4.951773302331524,7.0909098220799835,4.857169958563154,7.0909098220799835,5319.714285714285,5062.571428571428,4755.62962962963,3932.5873015873017,0.0,272.0684,800.0
7900556,2026-03-02,8634.0,800.0,7834.0,189.0,2.25,8.966356154790121,0.0,4.8520715990441445,8.188966863648876,4.661190386171004,7.0909098220799835,4.951773302331524,7.0909098220799835,4.6359676341353175,7.0909098220799835,5948.285714285715,5248.285714285715,4795.7671957671955,3948.328042328042,0.0,272.0684,800.0
7900556,2026-03-03,8634.0,800.0,7834.0,189.0,2.25,8.966356154790121,0.0,4.8520715990441445,8.188966863648876,4.661190386171004,7.0909098220799835,4.951773302331524,7.0909098220799835,4.6359676341353175,7.0909098220799835,6576.857142857143,5434.0,4835.9047619047615,3964.068783068783,0.0,272.0684,800.0
7900556,2026-03-04,7434.0,800.0,6634.0,189.0,2.25,8.800113946766308,0.0,4.8520715990441445,8.188966863648876,4.661190386171004,7.0909098220799835,4.951773302331524,7.0909098220799835,4.6359676341353175,7.0909098220799835,7205.428571428572,5662.571428571428,4876.042328042328,3982.9841269841268,0.0,272.0684,800.0
7900556,2026-03-05,7434.0,800.0,6634.0,189.0,2.25,8.800113946766308,0.0,4.90048180941375,8.188966863648876,4.747413519214636,7.0909098220799835,5.038195267399223,7.0909098220799835,4.857169958563154,7.0909098220799835,7662.571428571428,5648.285714285715,4909.830687830688,3998.7248677248676,0.0,272.0684,800.0
7900556,2026-03-06,7434.0,800.0,6634.0,189.0,2.25,8.800113946766308,0.0,4.90048180941375,8.188966863648876,4.747413519214636,7.0909098220799835,4.951773302331524,7.0909098220799835,4.857169958563154,7.0909098220799835,7491.142857142857,5634.0,4914.042328042328,4014.4656084656085,0.0,272.0684,800.0
7900556,2026-03-07,7434.0,800.0,6634.0,189.0,2.25,8.800113946766308,0.0,4.747597081236169,7.783640596221253,4.747413519214636,7.0909098220799835,4.951773302331524,7.0909098220799835,4.857169958563154,7.0909098220799835,7319.714285714285,5619.714285714285,4937.3015873015875,4030.2063492063494,0.0,272.0684,800.0
7900556,2026-03-08,7434.0,800.0,6634.0,189.0,2.25,8.800113946766308,0.0,4.747597081236169,7.783640596221253,4.747413519214636,7.0909098220799835,4.951773302331524,7.0909098220799835,4.857169958563154,7.0909098220799835,7148.285714285715,5605.428571428572,4960.560846560847,4045.94708994709,0.0,272.0684,800.0
7900556,2026-03-09,7434.0,800.0,6634.0,189.0,2.25,8.800113946766308,0.0,4.747597081236169,7.783640596221253,4.747413519214636,7.0909098220799835,4.951773302331524,7.0909098220799835,4.857169958563154,7.0909098220799835,6976.857142857143,5591.142857142857,4983.820105820106,4061.6878306878307,0.0,272.0684,800.0
7900556,2026-03-10,7434.0,800.0,6634.0,189.0,2.25,8.800113946766308,0.0,4.747597081236169,7.783640596221253,4.747413519214636,7.0909098220799835,4.951773302331524,7.0909098220799835,4.857169958563154,7.0909098220799835,6805.428571428572,5619.714285714285,5007.079365079365,4077.4285714285716,0.0,272.0684,800.0
7900556,2026-03-11,6234.0,800.0,5434.0,189.0,2.25,8.60061479955531,0.0,4.747597081236169,7.783640596221253,4.747413519214636,7.0909098220799835,4.951773302331524,7.0909098220799835,4.857169958563154,7.0909098220799835,6634.0,5648.285714285715,5030.338624338624,4096.343915343916,0.0,272.0684,800.0
7900556,2026-03-12,6234.0,800.0,5434.0,189.0,2.25,8.60061479955531,0.0,4.801198085702358,7.783640596221253,4.826788765599983,7.0909098220799835,5.038195267399223,7.0909098220799835,5.038195267399223,7.0909098220799835,6462.571428571428,5634.0,5047.248677248677,4112.084656084656,0.0,441.2868,800.0
7900556,2026-03-13,6234.0,800.0,5434.0,189.0,2.25,8.60061479955531,0.0,4.801198085702358,7.783640596221253,4.826788765599983,7.0909098220799835,5.038195267399223,7.0909098220799835,5.038195267399223,7.0909098220799835,6291.142857142857,5619.714285714285,5064.158730158731,4127.825396825397,0.0,441.2868,800.0
7900556,2026-03-14,6234.0,800.0,5434.0,189.0,2.25,8.60061479955531,0.0,4.801198085702358,7.783640596221253,4.826788765599983,7.0909098220799835,5.038195267399223,7.0909098220799835,5.038195267399223,7.0909098220799835,6119.714285714285,5648.285714285715,5081.068783068783,4134.042328042328,0.0,441.2868,800.0
7900556,2026-03-15,6234.0,800.0,5434.0,189.0,2.25,8.60061479955531,0.0,4.801198085702358,7.783640596221253,4.826788765599983,7.0909098220799835,5.038195267399223,7.0909098220799835,5.038195267399223,7.0909098220799835,5948.285714285715,5676.857142857143,5097.978835978836,4140.259259259259,0.0,441.2868,800.0
7900556,2026-03-16,6234.0,800.0,5434.0,189.0,2.25,8.60061479955531,0.0,4.801198085702358,7.783640596221253,4.826788765599983,7.0909098220799835,4.951773302331524,7.0909098220799835,5.038195267399223,7.0909098220799835,5776.857142857143,5705.428571428572,5114.888888888889,4146.476190476191,0.0,441.2868,800.0
7900556,2026-03-17,6234.0,800.0,5434.0,189.0,2.25,8.60061479955531,0.0,4.801198085702358,7.783640596221253,4.826788765599983,7.0909098220799835,4.951773302331524,7.0909098220799835,5.038195267399223,7.0909098220799835,5605.428571428572,5734.0,5131.798941798942,4152.693121693122,0.0,441.2868,800.0
7900556,2026-03-18,6234.0,800.0,5434.0,189.0,2.25,8.60061479955531,0.0,4.801198085702358,7.783640596221253,4.826788765599983,7.0909098220799835,4.951773302331524,7.0909098220799835,5.038195267399223,7.0909098220799835,5434.0,5762.571428571428,5148.708994708994,4158.910052910053,0.0,441.2868,800.0
7900556,2026-03-19,5034.0,800.0,4234.0,189.0,2.25,8.351138607086154,0.0,4.801198085702358,7.783640596221253,4.826788765599983,7.0909098220799835,4.951773302331524,7.0909098220799835,5.038195267399223,7.0909098220799835,5434.0,5791.142857142857,5165.619047619048,4165.126984126984,0.0,540.4178,800.0
7900556,2026-03-20,5034.0,800.0,4234.0,189.0,2.25,8.351138607086154,0.0,4.8520715990441445,7.783640596221253,4.9003242732785735,7.0909098220799835,4.951773302331524,7.0909098220799835,5.191419026017438,7.0909098220799835,5262.571428571428,5776.857142857143,5176.179894179894,4171.343915343916,0.0,540.4178,800.0
7900556,2026-03-21,5034.0,800.0,4234.0,189.0,2.25,8.351138607086154,0.0,4.8520715990441445,7.783640596221253,4.9003242732785735,7.0909098220799835,4.951773302331524,7.0909098220799835,5.191419026017438,7.0909098220799835,5091.142857142857,5805.428571428572,5186.740740740741,4177.560846560847,0.0,540.4178,800.0
7900556,2026-03-22,5034.0,800.0,4234.0,189.0,2.25,8.351138607086154,0.0,4.8520715990441445,7.783640596221253,4.9003242732785735,7.0909098220799835,4.857169958563154,7.0909098220799835,5.191419026017438,7.0909098220799835,4919.714285714285,5834.0,5197.3015873015875,4183.777777777777,0.0,540.4178,800.0
7900556,2026-03-23,5034.0,800.0,4234.0,189.0,2.25,8.351138607086154,0.0,4.8520715990441445,7.783640596221253,4.9003242732785735,7.0909098220799835,4.857169958563154,7.0909098220799835,5.038195267399223,7.0909098220799835,4748.285714285715,5862.571428571428,5207.862433862434,4189.994708994709,0.0,540.4178,800.0
7900556,2026-03-24,5034.0,800.0,4234.0,189.0,2.25,8.351138607086154,0.0,4.801198085702358,7.783640596221253,4.9003242732785735,7.0909098220799835,4.857169958563154,7.0909098220799835,5.038195267399223,7.0909098220799835,4576.857142857143,5891.142857142857,5224.772486772486,4196.21164021164,0.0,540.4178,800.0
7900556,2026-03-25,3834.0,800.0,3034.0,189.0,2.25,8.017966703493599,0.0,4.801198085702358,7.783640596221253,4.9003242732785735,7.0909098220799835,4.857169958563154,7.0909098220799835,5.038195267399223,7.0909098220799835,4405.428571428572,5919.714285714285,5241.68253968254,4202.439153439153,0.0,545.6418,800.0
7900556,2026-03-26,3834.0,800.0,3034.0,189.0,2.25,8.017966703493599,0.0,4.8520715990441445,7.783640596221253,4.968820743663249,7.0909098220799835,4.951773302331524,7.0909098220799835,5.191419026017438,7.0909098220799835,4062.5714285714284,5905.428571428572,5252.243386243386,4205.492063492064,0.0,545.6418,800.0
7900556,2026-03-27,9434.0,800.0,8634.0,189.0,2.25,9.06357899058078,0.0,4.801198085702358,7.783640596221253,4.968820743663249,7.0909098220799835,4.951773302331524,7.0909098220799835,5.191419026017438,7.0909098220799835,3891.1428571428573,5734.0,5269.153439153439,4208.544973544974,0.0,441.2868,800.0
7900556,2026-03-28,9434.0,800.0,8634.0,189.0,2.25,9.06357899058078,0.0,4.801198085702358,7.783640596221253,4.968820743663249,7.0909098220799835,4.951773302331524,7.0909098220799835,5.191419026017438,7.0909098220799835,4519.714285714285,5762.571428571428,5315.693121693122,4226.412698412699,0.0,441.2868,800.0
7900556,2026-03-29,9434.0,800.0,8634.0,189.0,2.25,9.06357899058078,0.0,4.801198085702358,7.783640596221253,4.968820743663249,7.0909098220799835,4.951773302331524,7.0909098220799835,5.038195267399223,7.0909098220799835,5148.285714285715,5791.142857142857,5362.2328042328045,4244.280423280423,0.0,441.2868,800.0
7900556,2026-03-30,9434.0,800.0,8634.0,189.0,2.25,9.06357899058078,0.0,4.801198085702358,7.783640596221253,4.968820743663249,7.0909098220799835,4.951773302331524,7.0909098220799835,5.038195267399223,7.0909098220799835,5776.857142857143,5819.714285714285,5408.772486772486,4262.148148148148,0.0,441.2868,800.0
7900556,2026-03-31,9434.0,800.0,8634.0,189.0,2.25,9.06357899058078,0.0,4.801198085702358,7.783640596221253,4.968820743663249,7.0909098220799835,4.951773302331524,7.0909098220799835,5.038195267399223,7.0909098220799835,6405.428571428572,5848.285714285715,5455.312169312169,4280.015873015873,0.0,441.2868,800.0
7900556,2026-04-01,8234.0,800.0,7434.0,189.0,2.25,8.913953858894255,0.0,4.801198085702358,7.783640596221253,4.968820743663249,7.0909098220799835,4.951773302331524,7.0909098220799835,5.038195267399223,7.0909098220799835,7034.0,5876.857142857143,5501.851851851852,4304.2328042328045,0.0,441.2868,800.0
7900556,2026-04-02,8234.0,800.0,7434.0,189.0,2.25,8.913953858894255,0.0,4.8520715990441445,7.783640596221253,5.032924711607776,7.0909098220799835,5.038195267399223,7.0909098220799835,5.038195267399223,7.0909098220799835,7662.571428571428,5905.428571428572,5518.761904761905,4325.275132275132,0.0,456.62082,800.0
7900556,2026-04-03,8234.0,800.0,7434.0,189.0,2.25,8.913953858894255,0.0,4.8520715990441445,7.783640596221253,5.032924711607776,7.0909098220799835,5.038195267399223,7.0909098220799835,5.038195267399223,7.0909098220799835,8291.142857142857,5934.0,5535.671957671958,4336.793650793651,0.0,456.62082,800.0
7900556,2026-04-04,8234.0,800.0,7434.0,189.0,2.25,8.913953858894255,0.0,4.8520715990441445,7.783640596221253,5.032924711607776,7.0909098220799835,5.038195267399223,7.0909098220799835,5.038195267399223,7.0909098220799835,8119.714285714285,5962.571428571428,5552.58201058201,4348.312169312169,0.0,456.62082,800.0
7900556,2026-04-05,8234.0,800.0,7434.0,189.0,2.25,8.913953858894255,0.0,4.8520715990441445,7.783640596221253,5.032924711607776,7.0909098220799835,5.038195267399223,7.0909098220799835,5.038195267399223,7.0909098220799835,7948.285714285715,5991.142857142857,5569.492063492064,4359.830687830688,0.0,456.62082,800.0
7900556,2026-04-06,8234.0,800.0,7434.0,189.0,2.25,8.913953858894255,0.0,4.8520715990441445,7.783640596221253,5.032924711607776,7.0909098220799835,5.038195267399223,7.0909098220799835,5.038195267399223,7.0909098220799835,7776.857142857143,6019.714285714285,5586.402116402116,4371.349206349207,0.0,456.62082,800.0
7900556,2026-04-07,8234.0,800.0,7434.0,189.0,2.25,8.913953858894255,0.0,4.8520715990441445,7.783640596221253,4.968820743663249,7.0909098220799835,5.038195267399223,7.0909098220799835,5.038195267399223,7.0909098220799835,7605.428571428572,6048.285714285715,5603.312169312169,4382.867724867725,0.0,441.2868,800.0
7900556,2026-04-08,7034.0,800.0,6234.0,189.0,2.25,8.737933858114136,0.0,4.851906248293489,7.783640596221253,4.968820743663249,7.0909098220799835,5.038195267399223,7.0909098220799835,5.038195267399223,7.0909098220799835,7434.0,6076.857142857143,5620.243386243386,4394.386243386243,0.0,441.2868,800.0
7900556,2026-04-09,7034.0,800.0,6234.0,189.0,2.25,8.737933858114136,0.0,4.851906248293489,7.783640596221253,5.032924711607776,7.0909098220799835,5.117738970417415,7.0909098220799835,5.038195267399223,7.0909098220799835,7262.571428571428,6105.428571428572,5637.174603174603,4405.9047619047615,0.0,456.62082,800.0
7900556,2026-04-10,7034.0,800.0,6234.0,189.0,2.25,8.737933858114136,0.0,4.851906248293489,7.783640596221253,5.032924711607776,7.0909098220799835,5.117738970417415,7.0909098220799835,5.038195267399223,7.0909098220799835,7091.142857142857,6134.0,5654.10582010582,4417.423280423281,0.0,456.62082,800.0
7900556,2026-04-11,7034.0,800.0,6234.0,189.0,2.25,8.737933858114136,0.0,4.851906248293489,7.783640596221253,5.032924711607776,7.0909098220799835,5.117738970417415,7.0909098220799835,5.038195267399223,7.0909098220799835,6919.714285714285,6162.571428571428,5671.037037037037,4428.941798941799,0.0,456.62082,800.0
7900556,2026-04-12,7034.0,800.0,6234.0,189.0,2.25,8.737933858114136,0.0,4.851906248293489,7.783640596221253,5.032924711607776,7.0909098220799835,5.038195267399223,7.0909098220799835,5.038195267399223,7.0909098220799835,6748.285714285715,6191.142857142857,5687.9682539682535,4440.460317460317,0.0,456.62082,800.0
7900556,2026-04-13,7034.0,800.0,6234.0,189.0,2.25,8.737933858114136,0.0,4.851906248293489,7.783640596221253,5.032924711607776,7.0909098220799835,4.951773302331524,7.0909098220799835,5.038195267399223,7.0909098220799835,6576.857142857143,6219.714285714285,5704.8994708994705,4451.978835978836,0.0,456.62082,800.0
7900556,2026-04-14,5834.0,800.0,5034.0,189.0,2.25,8.524168805152662,0.0,4.851906248293489,7.783640596221253,5.032924711607776,7.0909098220799835,4.951773302331524,7.0909098220799835,5.038195267399223,7.0909098220799835,6405.428571428572,6248.285714285715,5721.830687830688,4453.984126984127,0.0,555.75165,800.0
7900556,2026-04-15,5834.0,800.0,5034.0,189.0,2.25,8.524168805152662,0.0,4.9003242732785735,7.783640596221253,5.093165747254182,7.0909098220799835,5.038195267399223,7.0909098220799835,5.191419026017438,7.0909098220799835,6062.571428571428,6234.0,5732.412698412699,4455.989417989418,0.0,558.0127,800.0
7900556,2026-04-16,5834.0,800.0,5034.0,189.0,2.25,8.524168805152662,0.0,4.801024104578872,7.0909098220799835,5.093165747254182,7.0909098220799835,5.038195267399223,7.0909098220799835,5.191419026017438,7.0909098220799835,5891.142857142857,6219.714285714285,5755.693121693122,4457.994708994709,0.0,558.0127,800.0
7900556,2026-04-17,5834.0,800.0,5034.0,189.0,2.25,8.524168805152662,0.0,4.747413519214636,7.0909098220799835,5.032924711607776,7.0909098220799835,5.038195267399223,7.0909098220799835,5.191419026017438,7.0909098220799835,5719.714285714285,6248.285714285715,5785.322751322751,4460.0,0.0,555.75165,800.0
7900556,2026-04-18,5834.0,800.0,5034.0,189.0,2.25,8.524168805152662,0.0,4.747413519214636,7.0909098220799835,5.032924711607776,7.0909098220799835,4.951773302331524,7.0909098220799835,5.191419026017438,7.0909098220799835,5548.285714285715,6276.857142857143,5814.952380952381,4462.005291005291,0.0,555.75165,800.0
7900556,2026-04-19,5834.0,800.0,5034.0,189.0,2.25,8.524168805152662,0.0,4.747413519214636,7.0909098220799835,5.032924711607776,7.0909098220799835,4.951773302331524,7.0909098220799835,5.191419026017438,7.0909098220799835,5376.857142857143,6305.428571428572,5844.58201058201,4464.010582010582,0.0,555.75165,800.0
7900556,2026-04-20,4634.0,800.0,3834.0,189.0,2.25,8.251924713801357,0.0,4.747413519214636,7.0909098220799835,5.032924711607776,7.0909098220799835,4.951773302331524,7.0909098220799835,5.191419026017438,7.0909098220799835,5205.428571428572,6334.0,5874.21164021164,4466.015873015873,0.0,555.75165,800.0
7900556,2026-04-21,4634.0,800.0,3834.0,189.0,2.25,8.251924713801357,0.0,4.801024104578872,7.0909098220799835,5.032924711607776,7.0909098220799835,5.038195267399223,7.0909098220799835,5.191419026017438,7.0909098220799835,4862.571428571428,6319.714285714285,5897.492063492064,4464.846560846561,0.0,555.75165,800.0
7900556,2026-04-22,3434.0,800.0,2634.0,189.0,2.25,7.876638460975463,0.0,4.801024104578872,7.0909098220799835,5.032924711607776,7.0909098220799835,5.038195267399223,7.0909098220799835,5.191419026017438,7.0909098220799835,4691.142857142857,6305.428571428572,5920.772486772486,4463.677248677249,0.0,560.97565,800.0
7900556,2026-04-23,3434.0,800.0,2634.0,189.0,2.25,7.876638460975463,0.0,4.851906248293489,7.0909098220799835,5.032924711607776,7.0909098220799835,5.117738970417415,7.0909098220799835,5.324254663460495,7.0909098220799835,4348.285714285715,6291.142857142857,5937.7037037037035,4462.507936507936,0.0,560.97565,800.0
7900556,2026-04-24,3434.0,800.0,2634.0,189.0,2.25,7.876638460975463,0.0,4.851906248293489,7.0909098220799835,5.032924711607776,7.0909098220799835,5.117738970417415,7.0909098220799835,5.324254663460495,7.0909098220799835,4005.4285714285716,6276.857142857143,5954.6349206349205,4461.338624338624,0.0,560.97565,800.0
7900556,2026-04-25,3434.0,800.0,2634.0,189.0,2.25,7.876638460975463,0.0,4.851906248293489,7.0909098220799835,5.032924711607776,7.0909098220799835,5.117738970417415,7.0909098220799835,5.324254663460495,7.0909098220799835,3662.5714285714284,6062.571428571428,5971.5661375661375,4460.169312169312,0.0,560.97565,800.0
7900556,2026-04-26,3434.0,800.0,2634.0,189.0,2.25,7.876638460975463,0.0,4.851906248293489,7.0909098220799835,5.032924711607776,7.0909098220799835,5.117738970417415,7.0909098220799835,5.324254663460495,7.0909098220799835,3319.714285714286,5848.285714285715,5988.4973544973545,4459.0,0.0,560.97565,800.0
7900556,2026-04-27,3434.0,800.0,2634.0,189.0,2.25,7.876638460975463,0.0,4.851906248293489,7.0909098220799835,5.032924711607776,7.0909098220799835,5.117738970417415,7.0909098220799835,5.324254663460495,7.0909098220799835,2976.8571428571427,5634.0,6005.428571428572,4457.830687830688,0.0,560.97565,800.0
7900556,2026-04-28,2234.0,800.0,1434.0,189.0,2.25,7.268920128193722,0.0,4.851906248293489,7.0909098220799835,5.032924711607776,7.0909098220799835,5.117738970417415,7.0909098220799835,5.191419026017438,7.0909098220799835,2805.4285714285716,5419.714285714285,6022.359788359789,4456.677248677249,0.0,613.54254,800.0
7900556,2026-04-29,2234.0,800.0,1434.0,189.0,2.25,7.268920128193722,0.0,4.9003242732785735,7.0909098220799835,5.093165747254182,7.0909098220799835,5.191419026017438,7.0909098220799835,5.324254663460495,7.0909098220799835,2462.5714285714284,5162.571428571428,6030.825396825397,4452.349206349207,0.0,615.8036,800.0
7900556,2026-04-30,2234.0,800.0,1434.0,189.0,2.25,7.268920128193722,0.0,4.9003242732785735,7.0909098220799835,5.093165747254182,7.0909098220799835,5.191419026017438,7.0909098220799835,5.324254663460495,7.0909098220799835,2291.1428571428573,4948.285714285715,6009.661375661376,4451.195767195767,0.0,615.8036,800.0
7900556,2026-05-01,2234.0,800.0,1434.0,189.0,2.25,7.268920128193722,0.0,4.9003242732785735,7.0909098220799835,5.093165747254182,7.0909098220799835,5.191419026017438,7.0909098220799835,5.324254663460495,7.0909098220799835,2119.714285714286,4734.0,5988.4973544973545,4450.042328042328,0.0,615.8036,800.0
7900556,2026-05-02,2234.0,800.0,1434.0,189.0,2.25,7.268920128193722,0.0,4.9003242732785735,7.0909098220799835,5.093165747254182,7.0909098220799835,5.191419026017438,7.0909098220799835,5.324254663460495,7.0909098220799835,1948.2857142857142,4519.714285714285,5967.333333333333,4448.888888888889,0.0,615.8036,800.0
7900556,2026-05-03,2234.0,800.0,1434.0,189.0,2.25,7.268920128193722,0.0,4.9003242732785735,7.0909098220799835,5.093165747254182,7.0909098220799835,5.191419026017438,7.0909098220799835,5.324254663460495,7.0909098220799835,1776.857142857143,4305.428571428572,5946.169312169312,4447.73544973545,0.0,615.8036,800.0
7900556,2026-05-04,2234.0,800.0,1434.0,189.0,2.25,7.268920128193722,0.0,4.9003242732785735,7.0909098220799835,5.093165747254182,7.0909098220799835,5.191419026017438,7.0909098220799835,5.324254663460495,7.0909098220799835,1605.4285714285713,4091.1428571428573,5925.005291005291,4446.58201058201,0.0,615.8036,800.0
7900556,2026-05-05,2234.0,800.0,1434.0,189.0,2.25,7.268920128193722,0.0,4.9003242732785735,7.0909098220799835,5.093165747254182,7.0909098220799835,5.191419026017438,7.0909098220799835,5.324254663460495,7.0909098220799835,1434.0,3876.8571428571427,5903.841269841269,4445.428571428572,0.0,615.8036,800.0
7900556,2026-05-06,2234.0,800.0,1434.0,189.0,2.25,7.268920128193722,0.0,4.9003242732785735,7.0909098220799835,5.093165747254182,7.0909098220799835,5.191419026017438,7.0909098220799835,5.191419026017438,7.0909098220799835,1434.0,3662.5714285714284,5882.677248677249,4444.275132275132,0.0,615.8036,800.0
7900556,2026-05-07,2234.0,800.0,1434.0,189.0,2.25,7.268920128193722,0.0,4.9003242732785735,7.0909098220799835,5.093165747254182,7.0909098220799835,5.191419026017438,7.0909098220799835,5.191419026017438,7.0909098220799835,1434.0,3491.1428571428573,5861.513227513227,4443.121693121693,0.0,615.8036,800.0
7900556,2026-05-08,2234.0,800.0,1434.0,189.0,2.25,7.268920128193722,0.0,4.9003242732785735,7.0909098220799835,5.093165747254182,7.0909098220799835,5.191419026017438,7.0909098220799835,5.191419026017438,7.0909098220799835,1434.0,3319.714285714286,5840.349206349207,4441.9682539682535,0.0,619.8069,800.0
7900556,2026-05-09,2234.0,800.0,1434.0,189.0,2.25,7.268920128193722,0.0,4.9003242732785735,7.0909098220799835,5.093165747254182,7.0909098220799835,5.117738970417415,7.0909098220799835,5.191419026017438,7.0909098220799835,1434.0,3148.285714285714,5819.185185185185,4443.989417989418,0.0,619.8069,800.0
7900556,2026-05-10,2234.0,800.0,1434.0,189.0,2.25,7.268920128193722,0.0,4.9003242732785735,7.0909098220799835,5.093165747254182,7.0909098220799835,5.117738970417415,7.0909098220799835,5.191419026017438,7.0909098220799835,1434.0,2976.8571428571427,5798.021164021164,4446.010582010582,0.0,619.8069,800.0
7900556,2026-05-11,2234.0,800.0,1434.0,189.0,2.25,7.268920128193722,0.0,4.9003242732785735,7.0909098220799835,5.093165747254182,7.0909098220799835,5.117738970417415,7.0909098220799835,5.191419026017438,7.0909098220799835,1434.0,2805.4285714285716,5776.857142857143,4448.0317460317465,0.0,619.8069,800.0
7900556,2026-05-12,2234.0,800.0,1434.0,189.0,2.25,7.268920128193722,0.0,4.9003242732785735,7.0909098220799835,5.093165747254182,7.0909098220799835,5.117738970417415,7.0909098220799835,5.038195267399223,7.0909098220799835,1434.0,2634.0,5755.693121693122,4450.05291005291,0.0,619.8069,800.0
7900556,2026-05-13,1034.0,800.0,234.0,189.0,2.25,5.459585514144159,0.0,4.9003242732785735,7.0909098220799835,5.093165747254182,7.0909098220799835,5.117738970417415,7.0909098220799835,5.038195267399223,7.0909098220799835,1434.0,2505.4285714285716,5734.5291005291,4455.248677248677,0.0,619.8069,800.0
7900556,2026-05-14,1034.0,800.0,234.0,189.0,2.25,5.459585514144159,0.0,4.946505860346865,7.0909098220799835,5.093165747254182,7.0909098220799835,5.191419026017438,7.0909098220799835,5.191419026017438,7.0909098220799835,1262.5714285714287,2334.0,5707.015873015873,4457.269841269841,0.0,619.8069,800.0
7900556,2026-05-15,1034.0,800.0,234.0,189.0,2.25,5.459585514144159,0.0,4.946505860346865,7.0909098220799835,5.032924711607776,7.0909098220799835,5.117738970417415,7.0909098220799835,5.191419026017438,7.0909098220799835,1091.142857142857,2162.5714285714284,5679.5026455026455,4459.291005291006,0.0,617.54584,800.0
7900556,2026-05-16,1034.0,800.0,234.0,189.0,2.25,5.459585514144159,0.0,4.946505860346865,7.0909098220799835,5.032924711607776,7.0909098220799835,5.117738970417415,7.0909098220799835,5.191419026017438,7.0909098220799835,919.7142857142857,1991.142857142857,5651.989417989418,4461.312169312169,0.0,617.54584,800.0
7900556,2026-05-17,1034.0,800.0,234.0,189.0,2.25,5.459585514144159,0.0,4.946505860346865,7.0909098220799835,5.032924711607776,7.0909098220799835,5.117738970417415,7.0909098220799835,5.191419026017438,7.0909098220799835,748.2857142857143,1819.7142857142858,5624.476190476191,4463.333333333333,0.0,617.54584,800.0
7900556,2026-05-18,1034.0,800.0,234.0,189.0,2.25,5.459585514144159,0.0,4.946505860346865,7.0909098220799835,5.032924711607776,7.0909098220799835,5.117738970417415,7.0909098220799835,5.191419026017438,7.0909098220799835,576.8571428571429,1648.2857142857142,5596.962962962963,4465.354497354498,0.0,617.54584,800.0
7900556,2026-05-19,1034.0,800.0,234.0,189.0,2.25,5.459585514144159,0.0,4.946505860346865,7.0909098220799835,5.032924711607776,7.0909098220799835,5.038195267399223,7.0909098220799835,5.038195267399223,7.0909098220799835,405.42857142857144,1519.7142857142858,5569.449735449735,4467.375661375661,0.0,617.54584,800.0
7900556,2026-05-20,4234.0,800.0,3434.0,189.0,2.25,8.14177220465645,0.0,4.946505860346865,7.0909098220799835,4.968820743663249,7.0909098220799835,5.038195267399223,7.0909098220799835,5.038195267399223,7.0909098220799835,234.0,1391.142857142857,5541.936507936508,4469.396825396825,0.0,549.6451,800.0
7900556,2026-05-21,4234.0,800.0,3434.0,189.0,2.25,8.14177220465645,0.0,4.946505860346865,7.0909098220799835,4.968820743663249,7.0909098220799835,5.038195267399223,7.0909098220799835,5.038195267399223,7.0909098220799835,691.1428571428571,1419.7142857142858,5531.354497354498,4479.883597883598,0.0,549.6451,800.0
7900556,2026-05-22,3034.0,800.0,2234.0,189.0,2.25,7.711996507047669,0.0,4.946505860346865,7.0909098220799835,4.968820743663249,7.0909098220799835,5.038195267399223,7.0909098220799835,5.038195267399223,7.0909098220799835,1148.2857142857142,1448.2857142857142,5520.772486772486,4490.37037037037,0.0,549.6451,800.0
7900556,2026-05-23,3034.0,800.0,2234.0,189.0,2.25,7.711996507047669,0.0,4.990648522862495,7.0909098220799835,5.032924711607776,7.0909098220799835,5.117738970417415,7.0909098220799835,5.191419026017438,7.0909098220799835,1434.0,1434.0,5474.21164021164,4497.68253968254,0.0,564.97894,800.0
7900556,2026-05-24,3034.0,800.0,2234.0,189.0,2.25,7.711996507047669,0.0,4.990648522862495,7.0909098220799835,5.032924711607776,7.0909098220799835,5.117738970417415,7.0909098220799835,5.191419026017438,7.0909098220799835,1719.7142857142858,1419.7142857142858,5427.650793650793,4504.994708994709,0.0,564.97894,800.0
7900556,2026-05-25,3034.0,800.0,2234.0,189.0,2.25,7.711996507047669,0.0,4.990648522862495,7.0909098220799835,5.032924711607776,7.0909098220799835,5.117738970417415,7.0909098220799835,5.191419026017438,7.0909098220799835,2005.4285714285713,1405.4285714285713,5381.089947089947,4512.306878306878,0.0,564.97894,800.0
7900556,2026-05-26,3034.0,800.0,2234.0,189.0,2.25,7.711996507047669,0.0,4.990648522862495,7.0909098220799835,5.032924711607776,7.0909098220799835,5.038195267399223,7.0909098220799835,5.038195267399223,7.0909098220799835,2291.1428571428573,1391.142857142857,5334.5291005291,4507.978835978836,0.0,564.97894,800.0
7900556,2026-05-27,3034.0,800.0,2234.0,189.0,2.25,7.711996507047669,0.0,4.990648522862495,7.0909098220799835,5.032924711607776,7.0909098220799835,5.038195267399223,7.0909098220799835,5.038195267399223,7.0909098220799835,2576.8571428571427,1419.7142857142858,5287.9682539682535,4506.825396825397,0.0,564.97894,800.0
7900556,2026-05-28,1834.0,800.0,1034.0,189.0,2.25,6.942156705699469,0.0,4.990648522862495,7.0909098220799835,5.032924711607776,7.0909098220799835,5.038195267399223,7.0909098220799835,5.038195267399223,7.0909098220799835,2405.4285714285716,1448.2857142857142,5241.407407407408,4505.671957671958,0.0,617.54584,800.0
7900556,2026-05-29,1834.0,800.0,1034.0,189.0,2.25,6.942156705699469,0.0,5.032924711607776,7.0909098220799835,5.093165747254182,7.0909098220799835,5.117738970417415,7.0909098220799835,5.191419026017438,7.0909098220799835,2062.5714285714284,1434.0,5188.4973544973545,4501.343915343916,0.0,619.8069,800.0
7900556,2026-05-30,1834.0,800.0,1034.0,189.0,2.25,6.942156705699469,0.0,5.032924711607776,7.0909098220799835,5.093165747254182,7.0909098220799835,5.117738970417415,7.0909098220799835,5.191419026017438,7.0909098220799835,1891.142857142857,1419.7142857142858,5135.587301587301,4500.190476190476,0.0,619.8069,800.0
7900556,2026-05-31,1834.0,800.0,1034.0,189.0,2.25,6.942156705699469,0.0,5.032924711607776,7.0909098220799835,5.093165747254182,7.0909098220799835,5.117738970417415,7.0909098220799835,5.191419026017438,7.0909098220799835,1719.7142857142858,1405.4285714285713,5082.677248677249,4499.037037037037,0.0,619.8069,800.0
7900556,2026-06-01,1834.0,800.0,1034.0,189.0,2.25,6.942156705699469,0.0,5.032924711607776,7.0909098220799835,5.093165747254182,7.0909098220799835,5.117738970417415,7.0909098220799835,5.038195267399223,7.0909098220799835,1548.2857142857142,1391.142857142857,5029.7671957671955,4497.883597883598,0.0,619.8069,800.0
7900556,2026-06-02,1834.0,800.0,1034.0,189.0,2.25,6.942156705699469,0.0,5.032924711607776,7.0909098220799835,5.093165747254182,7.0909098220799835,5.117738970417415,7.0909098220799835,5.038195267399223,7.0909098220799835,1376.857142857143,1376.857142857143,4976.857142857143,4496.730158730159,0.0,619.8069,800.0
7900556,2026-06-03,5034.0,800.0,4234.0,189.0,2.25,8.351138607086154,0.0,5.032924711607776,7.0909098220799835,5.093165747254182,7.0909098220799835,5.117738970417415,7.0909098220799835,5.038195267399223,7.0909098220799835,1205.4285714285713,1362.5714285714287,4923.94708994709,4495.58201058201,0.0,562.016,800.0
7900556,2026-06-04,5034.0,800.0,4234.0,189.0,2.25,8.351138607086154,0.0,5.032924711607776,7.0909098220799835,5.093165747254182,7.0909098220799835,5.117738970417415,7.0909098220799835,5.038195267399223,7.0909098220799835,1491.142857142857,1462.5714285714287,4887.9682539682535,4502.8994708994705,0.0,562.016,800.0
7900556,2026-06-05,5034.0,800.0,4234.0,189.0,2.25,8.351138607086154,0.0,5.032924711607776,7.0909098220799835,5.093165747254182,7.0909098220799835,5.117738970417415,7.0909098220799835,5.038195267399223,7.0909098220799835,1948.2857142857142,1562.5714285714287,4851.989417989418,4510.216931216931,0.0,562.016,800.0
7900556,2026-06-06,5034.0,800.0,4234.0,189.0,2.25,8.351138607086154,0.0,5.032924711607776,7.0909098220799835,5.093165747254182,7.0909098220799835,5.117738970417415,7.0909098220799835,5.038195267399223,7.0909098220799835,2405.4285714285716,1662.5714285714287,4816.010582010582,4517.534391534392,0.0,562.016,800.0
7900556,2026-06-07,5034.0,800.0,4234.0,189.0,2.25,8.351138607086154,0.0,5.032924711607776,7.0909098220799835,5.093165747254182,7.0909098220799835,5.038195267399223,7.0909098220799835,4.857169958563154,7.0909098220799835,2862.5714285714284,1762.5714285714287,4780.0317460317465,4524.851851851852,0.0,399.33313,800.0
7900556,2026-06-08,5034.0,800.0,4234.0,189.0,2.25,8.351138607086154,0.0,5.032924711607776,7.0909098220799835,5.093165747254182,7.0909098220799835,5.038195267399223,7.0909098220799835,4.857169958563154,7.0909098220799835,3319.714285714286,1862.5714285714287,4744.05291005291,4532.169312169312,0.0,399.33313,800.0
7900556,2026-06-09,5034.0,800.0,4234.0,189.0,2.25,8.351138607086154,0.0,4.990648522862495,7.0909098220799835,5.093165747254182,7.0909098220799835,5.038195267399223,7.0909098220799835,4.6359676341353175,7.0909098220799835,3776.8571428571427,1962.5714285714287,4714.423280423281,4529.962962962963,0.0,399.33313,800.0
7900556,2026-06-10,3834.0,800.0,3034.0,189.0,2.25,8.017966703493599,0.0,4.990648522862495,7.0909098220799835,5.032924711607776,7.0909098220799835,5.038195267399223,7.0909098220799835,4.6359676341353175,7.0909098220799835,4234.0,2062.5714285714284,4684.793650793651,4530.931216931217,0.0,402.29608,800.0
7900556,2026-06-11,3834.0,800.0,3034.0,189.0,2.25,8.017966703493599,0.0,5.032924711607776,7.0909098220799835,5.093165747254182,7.0909098220799835,5.117738970417415,7.0909098220799835,4.857169958563154,7.0909098220799835,4062.5714285714284,2162.5714285714284,4648.814814814815,4528.724867724868,0.0,404.55707,800.0
7900556,2026-06-12,3834.0,800.0,3034.0,189.0,2.25,8.017966703493599,0.0,5.032924711607776,7.0909098220799835,5.093165747254182,7.0909098220799835,5.117738970417415,7.0909098220799835,4.857169958563154,7.0909098220799835,3891.1428571428573,2262.5714285714284,4612.8359788359785,4526.534391534392,0.0,404.55707,800.0
7900556,2026-06-13,3834.0,800.0,3034.0,189.0,2.25,8.017966703493599,0.0,5.032924711607776,7.0909098220799835,5.093165747254182,7.0909098220799835,5.117738970417415,7.0909098220799835,4.857169958563154,7.0909098220799835,3719.714285714286,2362.5714285714284,4576.857142857143,4524.343915343916,0.0,404.55707,800.0
7900556,2026-06-14,3834.0,800.0,3034.0,189.0,2.25,8.017966703493599,0.0,5.032924711607776,7.0909098220799835,5.093165747254182,7.0909098220799835,5.038195267399223,7.0909098220799835,4.857169958563154,7.0909098220799835,3548.285714285714,2462.5714285714284,4540.878306878307,4522.153439153439,0.0,399.797,800.0
7900556,2026-06-15,3834.0,800.0,3034.0,189.0,2.25,8.017966703493599,0.0,5.032924711607776,7.0909098220799835,5.093165747254182,7.0909098220799835,5.038195267399223,7.0909098220799835,4.6359676341353175,7.0909098220799835,3376.8571428571427,2562.5714285714284,4504.8994708994705,4519.962962962963,0.0,399.797,800.0
7900556,2026-06-16,3834.0,800.0,3034.0,189.0,2.25,8.017966703493599,0.0,5.032924711607776,7.0909098220799835,5.032924711607776,7.0909098220799835,5.038195267399223,7.0909098220799835,4.6359676341353175,7.0909098220799835,3205.4285714285716,2662.5714285714284,4468.920634920635,4517.772486772486,0.0,397.536,800.0
7900556,2026-06-17,2634.0,800.0,1834.0,189.0,2.25,7.51479976048867,0.0,5.032924711607776,7.0909098220799835,5.032924711607776,7.0909098220799835,5.038195267399223,7.0909098220799835,4.6359676341353175,7.0909098220799835,3034.0,2762.5714285714284,4432.941798941799,4515.58201058201,0.0,445.7704,800.0
7900556,2026-06-18,2634.0,800.0,1834.0,189.0,2.25,7.51479976048867,0.0,5.0734858835418,7.0909098220799835,5.093165747254182,7.0909098220799835,5.117738970417415,7.0909098220799835,4.857169958563154,7.0909098220799835,2862.5714285714284,2705.4285714285716,4390.613756613757,4510.216931216931,0.0,448.03137,800.0
7900556,2026-06-19,2634.0,800.0,1834.0,189.0,2.25,7.51479976048867,0.0,5.032924711607776,7.0909098220799835,5.093165747254182,7.0909098220799835,5.117738970417415,7.0909098220799835,4.857169958563154,7.0909098220799835,2691.1428571428573,2648.285714285714,4354.6349206349205,4508.026455026455,0.0,448.03137,800.0
7900556,2026-06-20,2634.0,800.0,1834.0,189.0,2.25,7.51479976048867,0.0,5.032924711607776,7.0909098220799835,5.032924711607776,7.0909098220799835,5.117738970417415,7.0909098220799835,4.857169958563154,7.0909098220799835,2519.714285714286,2634.0,4318.656084656084,4505.8359788359785,0.0,445.7704,800.0
7900556,2026-06-21,2634.0,800.0,1834.0,189.0,2.25,7.51479976048867,0.0,5.032924711607776,7.0909098220799835,5.032924711607776,7.0909098220799835,5.117738970417415,7.0909098220799835,4.857169958563154,7.0909098220799835,2348.285714285714,2619.714285714286,4282.677248677249,4503.645502645502,0.0,445.7704,800.0
7900556,2026-06-22,2634.0,800.0,1834.0,189.0,2.25,7.51479976048867,0.0,5.032924711607776,7.0909098220799835,5.032924711607776,7.0909098220799835,5.038195267399223,7.0909098220799835,4.857169958563154,7.0909098220799835,2176.8571428571427,2605.4285714285716,4246.6984126984125,4501.455026455026,0.0,445.7704,800.0
7900556,2026-06-23,1434.0,800.0,634.0,189.0,2.25,6.453624998892692,0.0,4.990648522862495,7.0909098220799835,5.032924711607776,7.0909098220799835,5.038195267399223,7.0909098220799835,4.857169958563154,7.0909098220799835,2005.4285714285713,2591.1428571428573,4217.068783068783,4499.26455026455,0.0,450.10297,800.0
7900556,2026-06-24,1434.0,800.0,634.0,189.0,2.25,6.453624998892692,0.0,5.032924711607776,7.0909098220799835,5.093165747254182,7.0909098220799835,5.117738970417415,7.0909098220799835,5.038195267399223,7.0909098220799835,1662.5714285714287,2534.0,4181.089947089947,4493.8994708994705,0.0,619.8069,800.0
7900556,2026-06-25,4634.0,800.0,3834.0,189.0,2.25,8.251924713801357,0.0,4.990648522862495,7.0909098220799835,5.093165747254182,7.0909098220799835,5.117738970417415,7.0909098220799835,5.038195267399223,7.0909098220799835,1491.142857142857,2476.8571428571427,4151.460317460317,4488.534391534392,0.0,562.016,800.0
7900556,2026-06-26,4634.0,800.0,3834.0,189.0,2.25,8.251924713801357,0.0,4.990648522862495,7.0909098220799835,5.093165747254182,7.0909098220799835,5.117738970417415,7.0909098220799835,5.038195267399223,7.0909098220799835,1776.857142857143,2576.8571428571427,4138.761904761905,4494.809523809524,0.0,562.016,800.0
7900556,2026-06-27,4634.0,800.0,3834.0,189.0,2.25,8.251924713801357,0.0,4.990648522862495,7.0909098220799835,5.032924711607776,7.0909098220799835,5.117738970417415,7.0909098220799835,5.038195267399223,7.0909098220799835,2062.5714285714284,2676.8571428571427,4126.063492063492,4501.084656084656,0.0,559.75494,800.0
7900556,2026-06-28,4634.0,800.0,3834.0,189.0,2.25,8.251924713801357,0.0,4.990648522862495,7.0909098220799835,5.032924711607776,7.0909098220799835,5.038195267399223,7.0909098220799835,5.038195267399223,7.0909098220799835,2348.285714285714,2776.8571428571427,4113.3650793650795,4507.359788359789,0.0,559.75494,800.0
7900556,2026-06-29,4634.0,800.0,3834.0,189.0,2.25,8.251924713801357,0.0,4.990648522862495,7.0909098220799835,5.032924711607776,7.0909098220799835,5.038195267399223,7.0909098220799835,5.038195267399223,7.0909098220799835,2634.0,2876.8571428571427,4100.666666666667,4513.6349206349205,0.0,559.75494,800.0
7900556,2026-06-30,4634.0,800.0,3834.0,189.0,2.25,8.251924713801357,0.0,4.990648522862495,7.0909098220799835,5.032924711607776,7.0909098220799835,5.038195267399223,7.0909098220799835,4.857169958563154,7.0909098220799835,2919.714285714286,2976.8571428571427,4087.968253968254,4519.910052910053,0.0,392.31207,800.0
7900556,2026-07-01,4634.0,800.0,3834.0,189.0,2.25,8.251924713801357,0.0,4.990648522862495,7.0909098220799835,5.032924711607776,7.0909098220799835,5.038195267399223,7.0909098220799835,4.857169958563154,7.0909098220799835,3376.8571428571427,3076.8571428571427,4075.2698412698414,4526.185185185185,0.0,392.31207,800.0
7900556,2026-07-02,3434.0,800.0,2634.0,189.0,2.25,7.876638460975463,0.0,4.990648522862495,7.0909098220799835,5.032924711607776,7.0909098220799835,5.038195267399223,7.0909098220799835,4.857169958563154,7.0909098220799835,3834.0,3062.5714285714284,4062.5714285714284,4518.7037037037035,0.0,397.536,800.0
7900556,2026-07-03,3434.0,800.0,2634.0,189.0,2.25,7.876638460975463,0.0,5.032924711607776,7.0909098220799835,5.093165747254182,7.0909098220799835,5.117738970417415,7.0909098220799835,5.038195267399223,7.0909098220799835,3662.5714285714284,3005.4285714285716,4043.5238095238096,4511.222222222223,0.0,567.24,800.0
7900556,2026-07-04,3434.0,800.0,2634.0,189.0,2.25,7.876638460975463,0.0,5.032924711607776,7.0909098220799835,5.093165747254182,7.0909098220799835,5.117738970417415,7.0909098220799835,5.038195267399223,7.0909098220799835,3491.1428571428573,2948.285714285714,4024.4761904761904,4506.915343915344,0.0,567.24,800.0
7900556,2026-07-05,3434.0,800.0,2634.0,189.0,2.25,7.876638460975463,0.0,5.032924711607776,7.0909098220799835,5.093165747254182,7.0909098220799835,5.038195267399223,7.0909098220799835,5.038195267399223,7.0909098220799835,3319.714285714286,2891.1428571428573,4005.4285714285716,4502.608465608466,0.0,567.24,800.0
7900556,2026-07-06,3434.0,800.0,2634.0,189.0,2.25,7.876638460975463,0.0,5.032924711607776,7.0909098220799835,5.093165747254182,7.0909098220799835,5.038195267399223,7.0909098220799835,5.038195267399223,7.0909098220799835,3148.285714285714,2834.0,3986.3809523809523,4498.3015873015875,0.0,567.24,800.0
7900556,2026-07-07,3434.0,800.0,2634.0,189.0,2.25,7.876638460975463,0.0,5.032924711607776,7.0909098220799835,5.093165747254182,7.0909098220799835,5.038195267399223,7.0909098220799835,5.038195267399223,7.0909098220799835,2976.8571428571427,2776.8571428571427,3967.3333333333335,4493.994708994709,0.0,567.24,800.0
7900556,2026-07-08,3434.0,800.0,2634.0,189.0,2.25,7.876638460975463,0.0,5.032924711607776,7.0909098220799835,5.093165747254182,7.0909098220799835,5.038195267399223,7.0909098220799835,5.038195267399223,7.0909098220799835,2805.4285714285716,2719.714285714286,3948.285714285714,4489.687830687831,0.0,567.24,800.0
7900556,2026-07-09,2234.0,800.0,1434.0,189.0,2.25,7.268920128193722,0.0,5.032924711607776,7.0909098220799835,5.032924711607776,7.0909098220799835,5.038195267399223,7.0909098220799835,4.857169958563154,7.0909098220799835,2634.0,2705.4285714285716,3929.2380952380954,4485.380952380952,0.0,450.10297,800.0
7900556,2026-07-10,2234.0,800.0,1434.0,189.0,2.25,7.268920128193722,0.0,5.0734858835418,7.0909098220799835,5.093165747254182,7.0909098220799835,5.117738970417415,7.0909098220799835,5.038195267399223,7.0909098220799835,2462.5714285714284,2648.285714285714,3903.84126984127,4481.074074074074,0.0,619.8069,800.0
7900556,2026-07-11,2234.0,800.0,1434.0,189.0,2.25,7.268920128193722,0.0,5.0734858835418,7.0909098220799835,5.093165747254182,7.0909098220799835,5.117738970417415,7.0909098220799835,5.038195267399223,7.0909098220799835,2291.1428571428573,2591.1428571428573,3878.4444444444443,4476.7671957671955,0.0,619.8069,800.0
7900556,2026-07-12,2234.0,800.0,1434.0,189.0,2.25,7.268920128193722,0.0,5.0734858835418,7.0909098220799835,5.093165747254182,7.0909098220799835,5.038195267399223,7.0909098220799835,5.038195267399223,7.0909098220799835,2119.714285714286,2534.0,3853.0476190476193,4472.460317460317,0.0,619.8069,800.0
7900556,2026-07-13,2234.0,800.0,1434.0,189.0,2.25,7.268920128193722,0.0,5.0734858835418,7.0909098220799835,5.093165747254182,7.0909098220799835,5.038195267399223,7.0909098220799835,5.038195267399223,7.0909098220799835,1948.2857142857142,2476.8571428571427,3827.6507936507937,4468.153439153439,0.0,619.8069,800.0
7900556,2026-07-14,2234.0,800.0,1434.0,189.0,2.25,7.268920128193722,0.0,5.0734858835418,7.0909098220799835,5.093165747254182,7.0909098220799835,5.038195267399223,7.0909098220799835,5.038195267399223,7.0909098220799835,1776.857142857143,2419.714285714286,3802.253968253968,4463.846560846561,0.0,619.8069,800.0
7900556,2026-07-15,2234.0,800.0,1434.0,189.0,2.25,7.268920128193722,0.0,5.0734858835418,7.0909098220799835,5.093165747254182,7.0909098220799835,5.038195267399223,7.0909098220799835,4.857169958563154,7.0909098220799835,1605.4285714285713,2362.5714285714284,3776.8571428571427,4444.724867724868,0.0,457.12402,800.0
7900556,2026-07-16,1034.0,800.0,234.0,189.0,2.25,5.459585514144159,0.0,5.032924711607776,7.0909098220799835,5.032924711607776,7.0909098220799835,5.038195267399223,7.0909098220799835,4.857169958563154,7.0909098220799835,1434.0,2348.285714285714,3757.809523809524,4425.603174603175,0.0,454.86304,800.0
7900556,2026-07-17,1034.0,800.0,234.0,189.0,2.25,5.459585514144159,0.0,5.032924711607776,7.0909098220799835,5.093165747254182,7.0909098220799835,5.117738970417415,7.0909098220799835,5.038195267399223,7.0909098220799835,1262.5714285714287,2291.1428571428573,3738.7619047619046,4403.306878306878,0.0,619.8069,800.0
7900556,2026-07-18,1034.0,800.0,234.0,189.0,2.25,5.459585514144159,0.0,5.032924711607776,7.0909098220799835,5.093165747254182,7.0909098220799835,5.038195267399223,7.0909098220799835,5.038195267399223,7.0909098220799835,1091.142857142857,2234.0,3719.714285714286,4381.021164021164,0.0,619.8069,800.0
7900556,2026-07-19,1034.0,800.0,234.0,189.0,2.25,5.459585514144159,0.0,5.032924711607776,7.0909098220799835,5.093165747254182,7.0909098220799835,5.038195267399223,7.0909098220799835,5.038195267399223,7.0909098220799835,919.7142857142857,2176.8571428571427,3700.6666666666665,4358.73544973545,0.0,619.8069,800.0
7900556,2026-07-20,1034.0,800.0,234.0,189.0,2.25,5.459585514144159,0.0,5.032924711607776,7.0909098220799835,5.093165747254182,7.0909098220799835,5.038195267399223,7.0909098220799835,5.038195267399223,7.0909098220799835,748.2857142857143,2119.714285714286,3681.6190476190477,4336.449735449735,0.0,619.8069,800.0
7900556,2026-07-21,1034.0,800.0,234.0,189.0,2.25,5.459585514144159,0.0,5.032924711607776,7.0909098220799835,5.093165747254182,7.0909098220799835,5.038195267399223,7.0909098220799835,5.038195267399223,7.0909098220799835,576.8571428571429,2062.5714285714284,3662.5714285714284,4314.1640211640215,0.0,619.8069,800.0
7900556,2026-07-22,1034.0,800.0,234.0,189.0,2.25,5.459585514144159,0.0,4.990648522862495,7.0909098220799835,5.093165747254182,7.0909098220799835,5.038195267399223,7.0909098220799835,5.038195267399223,7.0909098220799835,405.42857142857144,2048.285714285714,3649.873015873016,4291.878306878307,0.0,619.8069,800.0
7900556,2026-07-23,4234.0,800.0,3434.0,189.0,2.25,8.14177220465645,0.0,4.990648522862495,7.0909098220799835,5.093165747254182,7.0909098220799835,5.038195267399223,7.0909098220799835,5.038195267399223,7.0909098220799835,234.0,2034.0,3637.1746031746034,4269.592592592592,0.0,567.24,800.0
7900556,2026-07-24,4234.0,800.0,3434.0,189.0,2.25,8.14177220465645,0.0,4.990648522862495,7.0909098220799835,5.032924711607776,7.0909098220799835,4.951773302331524,7.0909098220799835,5.038195267399223,7.0909098220799835,691.1428571428571,2019.7142857142858,3641.4074074074074,4255.772486772486,0.0,564.97894,800.0
7900556,2026-07-25,4234.0,800.0,3434.0,189.0,2.25,8.14177220465645,0.0,4.990648522862495,7.0909098220799835,5.032924711607776,7.0909098220799835,4.951773302331524,7.0909098220799835,5.038195267399223,7.0909098220799835,1148.2857142857142,2005.4285714285713,3645.6402116402114,4241.952380952381,0.0,564.97894,800.0
7900556,2026-07-26,4234.0,800.0,3434.0,189.0,2.25,8.14177220465645,0.0,4.990648522862495,7.0909098220799835,5.032924711607776,7.0909098220799835,4.857169958563154,7.0909098220799835,5.038195267399223,7.0909098220799835,1605.4285714285713,1991.142857142857,3649.873015873016,4228.132275132275,0.0,564.97894,800.0
7900556,2026-07-27,4234.0,800.0,3434.0,189.0,2.25,8.14177220465645,0.0,4.990648522862495,7.0909098220799835,5.032924711607776,7.0909098220799835,4.857169958563154,7.0909098220799835,5.038195267399223,7.0909098220799835,2062.5714285714284,1976.857142857143,3654.10582010582,4214.312169312169,0.0,564.97894,800.0
7900556,2026-07-28,4234.0,800.0,3434.0,189.0,2.25,8.14177220465645,0.0,4.990648522862495,7.0909098220799835,5.032924711607776,7.0909098220799835,4.857169958563154,7.0909098220799835,4.857169958563154,7.0909098220799835,2519.714285714286,1962.5714285714287,3658.3386243386244,4200.492063492064,0.0,402.29608,800.0
7900556,2026-07-29,4234.0,800.0,3434.0,189.0,2.25,8.14177220465645,0.0,4.990648522862495,7.0909098220799835,5.032924711607776,7.0909098220799835,4.857169958563154,7.0909098220799835,4.857169958563154,7.0909098220799835,2976.8571428571427,1948.2857142857142,3662.5714285714284,4186.671957671958,0.0,402.29608,800.0
7900556,2026-07-30,3034.0,800.0,2234.0,189.0,2.25,7.711996507047669,0.0,4.990648522862495,7.0909098220799835,4.968820743663249,7.0909098220799835,4.857169958563154,7.0909098220799835,4.857169958563154,7.0909098220799835,3434.0,1934.0,3666.804232804233,4172.851851851852,0.0,386.9622,800.0
7900556,2026-07-31,3034.0,800.0,2234.0,189.0,2.25,7.711996507047669,0.0,5.032924711607776,7.0909098220799835,5.032924711607776,7.0909098220799835,4.951773302331524,7.0909098220799835,5.038195267399223,7.0909098220799835,3262.5714285714284,1919.7142857142858,3664.6878306878307,4155.857142857143,0.0,564.97894,800.0
7900556,2026-08-01,3034.0,800.0,2234.0,189.0,2.25,7.711996507047669,0.0,5.032924711607776,7.0909098220799835,5.032924711607776,7.0909098220799835,4.857169958563154,7.0909098220799835,5.038195267399223,7.0909098220799835,3091.1428571428573,1905.4285714285713,3662.5714285714284,4142.037037037037,0.0,564.97894,800.0
7900556,2026-08-02,3034.0,800.0,2234.0,189.0,2.25,7.711996507047669,0.0,5.032924711607776,7.0909098220799835,5.032924711607776,7.0909098220799835,4.857169958563154,7.0909098220799835,5.038195267399223,7.0909098220799835,2919.714285714286,1891.142857142857,3660.4550264550267,4128.216931216931,0.0,564.97894,800.0
7900556,2026-08-03,3034.0,800.0,2234.0,189.0,2.25,7.711996507047669,0.0,5.032924711607776,7.0909098220799835,5.032924711607776,7.0909098220799835,4.857169958563154,7.0909098220799835,5.038195267399223,7.0909098220799835,2748.285714285714,1876.857142857143,3658.3386243386244,4114.396825396825,0.0,564.97894,800.0
7900556,2026-08-04,3034.0,800.0,2234.0,189.0,2.25,7.711996507047669,0.0,5.032924711607776,7.0909098220799835,5.032924711607776,7.0909098220799835,4.857169958563154,7.0909098220799835,4.857169958563154,7.0909098220799835,2576.8571428571427,1862.5714285714287,3656.222222222222,4100.576719576719,0.0,402.29608,800.0
7900556,2026-08-05,3034.0,800.0,2234.0,189.0,2.25,7.711996507047669,0.0,5.032924711607776,7.0909098220799835,5.032924711607776,7.0909098220799835,4.857169958563154,7.0909098220799835,4.857169958563154,7.0909098220799835,2405.4285714285716,1848.2857142857142,3654.10582010582,4089.94708994709,0.0,402.29608,800.0
7900556,2026-08-06,1834.0,800.0,1034.0,189.0,2.25,6.942156705699469,0.0,5.032924711607776,7.0909098220799835,4.968820743663249,7.0909098220799835,4.857169958563154,7.0909098220799835,4.857169958563154,7.0909098220799835,2234.0,1834.0,3651.989417989418,4079.3174603174602,0.0,439.52914,800.0
7900556,2026-08-07,1834.0,800.0,1034.0,189.0,2.25,6.942156705699469,0.0,5.0734858835418,7.0909098220799835,5.032924711607776,7.0909098220799835,4.951773302331524,7.0909098220799835,5.038195267399223,7.0909098220799835,2062.5714285714284,1819.7142857142858,3643.5238095238096,4065.5132275132273,0.0,617.54584,800.0
7900556,2026-08-08,1834.0,800.0,1034.0,189.0,2.25,6.942156705699469,0.0,5.0734858835418,7.0909098220799835,5.032924711607776,7.0909098220799835,4.951773302331524,7.0909098220799835,5.038195267399223,7.0909098220799835,1891.142857142857,1805.4285714285713,3635.058201058201,4051.708994708995,0.0,617.54584,800.0
7900556,2026-08-09,1834.0,800.0,1034.0,189.0,2.25,6.942156705699469,0.0,5.0734858835418,7.0909098220799835,5.032924711607776,7.0909098220799835,4.951773302331524,7.0909098220799835,5.038195267399223,7.0909098220799835,1719.7142857142858,1791.142857142857,3626.5925925925926,4037.904761904762,0.0,617.54584,800.0
7900556,2026-08-10,1834.0,800.0,1034.0,189.0,2.25,6.942156705699469,0.0,5.0734858835418,7.0909098220799835,5.032924711607776,7.0909098220799835,4.951773302331524,7.0909098220799835,4.857169958563154,7.0909098220799835,1548.2857142857142,1776.857142857143,3618.126984126984,4024.100529100529,0.0,454.86304,800.0
7900556,2026-08-11,1834.0,800.0,1034.0,189.0,2.25,6.942156705699469,0.0,5.0734858835418,7.0909098220799835,5.032924711607776,7.0909098220799835,4.951773302331524,7.0909098220799835,4.857169958563154,7.0909098220799835,1376.857142857143,1762.5714285714287,3609.6613756613756,4010.296296296296,0.0,454.86304,800.0
7900556,2026-08-12,1834.0,800.0,1034.0,189.0,2.25,6.942156705699469,0.0,5.032924711607776,7.0909098220799835,5.032924711607776,7.0909098220799835,4.951773302331524,7.0909098220799835,4.857169958563154,7.0909098220799835,1205.4285714285713,1748.2857142857142,3607.5449735449733,3996.4920634920636,0.0,454.86304,800.0
7900556,2026-08-13,1834.0,800.0,1034.0,189.0,2.25,6.942156705699469,0.0,5.032924711607776,7.0909098220799835,4.968820743663249,7.0909098220799835,4.951773302331524,7.0909098220799835,4.857169958563154,7.0909098220799835,1034.0,1734.0,3575.798941798942,3982.6878306878307,0.0,439.52914,800.0
7900556,2026-08-14,5034.0,800.0,4234.0,189.0,2.25,8.351138607086154,0.0,5.032924711607776,7.0909098220799835,4.968820743663249,7.0909098220799835,4.951773302331524,7.0909098220799835,4.857169958563154,7.0909098220799835,1034.0,1762.5714285714287,3544.05291005291,3972.058201058201,0.0,381.73825,800.0
7900556,2026-08-15,5034.0,800.0,4234.0,189.0,2.25,8.351138607086154,0.0,5.032924711607776,7.0909098220799835,4.968820743663249,7.0909098220799835,4.951773302331524,7.0909098220799835,4.857169958563154,7.0909098220799835,1491.142857142857,1905.4285714285713,3529.2380952380954,3973.068783068783,0.0,381.73825,800.0
7900556,2026-08-16,5034.0,800.0,4234.0,189.0,2.25,8.351138607086154,0.0,5.032924711607776,7.0909098220799835,4.968820743663249,7.0909098220799835,4.857169958563154,7.0909098220799835,4.857169958563154,7.0909098220799835,1948.2857142857142,2048.285714285714,3514.4232804232806,3974.0793650793653,0.0,381.73825,800.0
7900556,2026-08-17,5034.0,800.0,4234.0,189.0,2.25,8.351138607086154,0.0,5.032924711607776,7.0909098220799835,4.968820743663249,7.0909098220799835,4.857169958563154,7.0909098220799835,4.857169958563154,7.0909098220799835,2405.4285714285716,2191.1428571428573,3499.6084656084654,3975.089947089947,0.0,381.73825,800.0
7900556,2026-08-18,5034.0,800.0,4234.0,189.0,2.25,8.351138607086154,0.0,4.990648522862495,7.0909098220799835,4.968820743663249,7.0909098220799835,4.857169958563154,7.0909098220799835,4.857169958563154,7.0909098220799835,2862.5714285714284,2334.0,3491.1428571428573,3976.100529100529,0.0,381.73825,800.0
7900556,2026-08-19,5034.0,800.0,4234.0,189.0,2.25,8.351138607086154,0.0,4.990648522862495,7.0909098220799835,4.9003242732785735,7.0909098220799835,4.857169958563154,7.0909098220799835,4.6359676341353175,7.0909098220799835,3319.714285714286,2476.8571428571427,3482.677248677249,3980.285714285714,0.0,376.97818,800.0
7900556,2026-08-20,5034.0,800.0,4234.0,189.0,2.25,8.351138607086154,0.0,4.990648522862495,7.0909098220799835,4.9003242732785735,7.0909098220799835,4.857169958563154,7.0909098220799835,4.6359676341353175,7.0909098220799835,3776.8571428571427,2619.714285714286,3474.2116402116403,3984.4708994708994,0.0,376.97818,800.0
7900556,2026-08-21,3834.0,800.0,3034.0,189.0,2.25,8.017966703493599,0.0,4.990648522862495,7.0909098220799835,4.9003242732785735,7.0909098220799835,4.857169958563154,7.0909098220799835,4.6359676341353175,7.0909098220799835,4234.0,2648.285714285714,3465.746031746032,3988.6560846560847,0.0,382.20212,800.0
7900556,2026-08-22,3834.0,800.0,3034.0,189.0,2.25,8.017966703493599,0.0,4.990648522862495,7.0909098220799835,4.968820743663249,7.0909098220799835,4.951773302331524,7.0909098220799835,4.857169958563154,7.0909098220799835,4062.5714285714284,2634.0,3457.2804232804233,3989.6666666666665,0.0,382.20212,800.0
7900556,2026-08-23,3834.0,800.0,3034.0,189.0,2.25,8.017966703493599,0.0,4.990648522862495,7.0909098220799835,4.968820743663249,7.0909098220799835,4.951773302331524,7.0909098220799835,4.857169958563154,7.0909098220799835,3891.1428571428573,2619.714285714286,3448.814814814815,3990.677248677249,0.0,382.20212,800.0
7900556,2026-08-24,3834.0,800.0,3034.0,189.0,2.25,8.017966703493599,0.0,4.990648522862495,7.0909098220799835,4.968820743663249,7.0909098220799835,4.951773302331524,7.0909098220799835,4.857169958563154,7.0909098220799835,3719.714285714286,2605.4285714285716,3440.3492063492063,3991.6878306878307,0.0,382.20212,800.0
7900556,2026-08-25,3834.0,800.0,3034.0,189.0,2.25,8.017966703493599,0.0,4.990648522862495,7.0909098220799835,4.9003242732785735,7.0909098220799835,4.857169958563154,7.0909098220799835,4.857169958563154,7.0909098220799835,3548.285714285714,2591.1428571428573,3431.8835978835978,3992.6984126984125,0.0,382.20212,800.0
7900556,2026-08-26,3834.0,800.0,3034.0,189.0,2.25,8.017966703493599,0.0,4.990648522862495,7.0909098220799835,4.9003242732785735,7.0909098220799835,4.857169958563154,7.0909098220799835,4.6359676341353175,7.0909098220799835,3376.8571428571427,2576.8571428571427,3423.4179894179892,3993.708994708995,0.0,382.20212,800.0
7900556,2026-08-27,3834.0,800.0,3034.0,189.0,2.25,8.017966703493599,0.0,4.990648522862495,7.0909098220799835,4.826788765599983,7.0909098220799835,4.857169958563154,7.0909098220799835,4.6359676341353175,7.0909098220799835,3205.4285714285716,2562.5714285714284,3414.9523809523807,3994.7195767195767,0.0,382.20212,800.0
7900556,2026-08-28,2634.0,800.0,1834.0,189.0,2.25,7.51479976048867,0.0,4.990648522862495,7.0909098220799835,4.826788765599983,7.0909098220799835,4.857169958563154,7.0909098220799835,4.6359676341353175,7.0909098220799835,3034.0,2591.1428571428573,3406.4867724867727,3995.7301587301586,0.0,430.4365,800.0
7900556,2026-08-29,2634.0,800.0,1834.0,189.0,2.25,7.51479976048867,0.0,4.990648522862495,7.0909098220799835,4.9003242732785735,7.0909098220799835,4.951773302331524,7.0909098220799835,4.857169958563154,7.0909098220799835,2862.5714285714284,2576.8571428571427,3398.021164021164,3993.5661375661375,0.0,430.4365,800.0
7900556,2026-08-30,2634.0,800.0,1834.0,189.0,2.25,7.51479976048867,0.0,4.990648522862495,7.0909098220799835,4.9003242732785735,7.0909098220799835,4.951773302331524,7.0909098220799835,4.857169958563154,7.0909098220799835,2691.1428571428573,2562.5714285714284,3389.5555555555557,3991.4021164021165,0.0,430.4365,800.0
7900556,2026-08-31,2634.0,800.0,1834.0,189.0,2.25,7.51479976048867,0.0,4.990648522862495,7.0909098220799835,4.9003242732785735,7.0909098220799835,4.857169958563154,7.0909098220799835,4.857169958563154,7.0909098220799835,2519.714285714286,2548.285714285714,3381.089947089947,3989.2380952380954,0.0,430.4365,800.0
7900556,2026-09-01,2634.0,800.0,1834.0,189.0,2.25,7.51479976048867,0.0,4.990648522862495,7.0909098220799835,4.9003242732785735,7.0909098220799835,4.857169958563154,7.0909098220799835,4.857169958563154,7.0909098220799835,2348.285714285714,2534.0,3372.6243386243386,3987.074074074074,0.0,430.4365,800.0
7900556,2026-09-02,2634.0,800.0,1834.0,189.0,2.25,7.51479976048867,0.0,4.990648522862495,7.0909098220799835,4.826788765599983,7.0909098220799835,4.857169958563154,7.0909098220799835,4.6359676341353175,7.0909098220799835,2176.8571428571427,2519.714285714286,3364.15873015873,3991.259259259259,0.0,430.4365,800.0
7900556,2026-09-03,1434.0,800.0,634.0,189.0,2.25,6.453624998892692,0.0,4.990648522862495,7.0909098220799835,4.826788765599983,7.0909098220799835,4.857169958563154,7.0909098220799835,4.6359676341353175,7.0909098220799835,2005.4285714285713,2505.4285714285716,3355.6931216931216,3995.4550264550267,0.0,434.76907,800.0
