Teil,Datum,F_NiU_EoD_Bestand,F_NiU_Hinterlegter SiBe,EoD_Bestand_noSiBe,EoD_Bestand_noSiBe_log1p,EoD_Bestand_noSiBe_z_Teil,EoD_Bestand_noSiBe_robz_Teil,DeficitPos_log1p,Flag_StockOut,WBZ_Days,LABLE_HalfYear_Target,DemandMean_100,DemandMax_100,DemandMean_66,DemandMax_66,DemandMean_50,DemandMax_50,DemandMean_25,DemandMax_25,DemandMean_100_log1p,DemandMean_100_z_Teil,DemandMean_100_robz_Teil,DemandMax_100_log1p,DemandMax_100_z_Teil,DemandMax_100_robz_Teil,DemandMean_66_log1p,DemandMean_66_z_Teil,DemandMean_66_robz_Teil,DemandMax_66_log1p,DemandMax_66_z_Teil,DemandMax_66_robz_Teil,DemandMean_50_log1p,DemandMean_50_z_Teil,DemandMean_50_robz_Teil,DemandMax_50_log1p,DemandMax_50_z_Teil,DemandMax_50_robz_Teil,DemandMean_25_log1p,DemandMean_25_z_Teil,DemandMean_25_robz_Teil,DemandMax_25_log1p,DemandMax_25_z_Teil,DemandMax_25_robz_Teil,L_NiU_HalfYear_Base,F_NiU_Factor_WBZ,F_NiU_Factor_Freq,F_NiU_Factor_Vol,L_NiU_WBZ_BlockMinAbs,pred_L_NiU_WBZ_BlockMinAbs,Hinterlegter SiBe
2000004,2025-07-01,60277.0,15000.0,45277.0,10.720576542290251,0.255173886829779,1.2194610545934612,0.0,0,56.0,15420.999999999998,764.6964285714286,6100.0,911.081081081081,6100.0,798.0714285714286,5500.0,865.8571428571429,5500.0,6.640785783842076,-1.2241276607914358,-0.9013267071926168,8.716207971151853,-0.8572659675848701,-0.6548076923076923,6.815728890816711,-0.6772139590906825,-0.5005505920283359,8.716207971151853,-0.7076505502536279,-0.5627283800243605,6.683450339231672,-0.8460417165270263,-0.6066681435533894,8.612685172875459,-0.7091983351831063,-0.5813953488372093,6.764874191413109,-0.5327615262751246,-0.3797025749498176,8.612685172875459,-0.35741988606362485,-0.26153846153846155,11015.0,0.05,0.2,0.2,0.0,0.0,15000.0
2000004,2025-07-02,56177.0,15000.0,41177.0,10.62565941213669,0.179913339032671,1.060262483497709,0.0,0,56.0,15420.999999999998,720.0535714285714,6100.0,911.081081081081,6100.0,797.8571428571429,5500.0,750.0,5500.0,6.580713436090011,-1.348220958123259,-0.990069663220482,8.716207971151853,-0.8572659675848701,-0.6548076923076923,6.815728890816711,-0.6772139590906825,-0.5005505920283359,8.716207971151853,-0.7076505502536279,-0.5627283800243605,6.683182134858333,-0.8464925834149412,-0.6070004430660166,8.612685172875459,-0.7091983351831063,-0.5813953488372093,6.621405651764134,-0.7184877697126598,-0.5197384040922923,8.612685172875459,-0.35741988606362485,-0.26153846153846155,11015.0,0.05,0.2,0.2,0.0,0.0,15000.0
2000004,2025-07-03,54977.0,15000.0,39977.0,10.596084581790592,0.1578858616286394,1.013667779762367,0.0,0,56.0,15420.999999999998,793.2678571428571,6100.0,1021.8918918918919,6100.0,765.5,5500.0,1042.857142857143,5500.0,6.677420755922202,-1.144707950499069,-0.844531215334783,8.716207971151853,-0.8572659675848701,-0.6548076923076923,6.930389082842331,-0.41884150168605644,-0.31437101956020763,8.716207971151853,-0.7076505502536279,-0.5627283800243605,6.641834698311869,-0.9145734834900898,-0.6571776694727514,8.612685172875459,-0.7091983351831063,-0.5813953488372093,6.950677922735904,-0.24901946016032045,-0.16576374349787393,8.612685172875459,-0.35741988606362485,-0.26153846153846155,11015.0,0.05,0.2,0.2,0.0,0.0,15000.0
2000004,2025-07-04,54977.0,15000.0,39977.0,10.596084581790592,0.1578858616286394,1.013667779762367,0.0,0,56.0,15420.999999999998,814.6964285714286,6100.0,889.4594594594595,5500.0,808.3571428571429,5500.0,735.7142857142857,4100.0,6.704042261936558,-1.0851431677797938,-0.8019345964414076,8.716207971151853,-0.8572659675848701,-0.6548076923076923,6.791737576100425,-0.7276280971208533,-0.5368783134855315,8.612685172875459,-0.8223387263426144,-0.7088915956151035,6.696240281765308,-0.8244001059071114,-0.590717766947275,8.612685172875459,-0.7091983351831063,-0.5813953488372093,6.602200144995646,-0.7413886628615546,-0.5370054607066543,8.31898612539206,-0.6802920887243881,-0.6205128205128205,11015.0,0.05,0.2,0.2,0.0,1112.7793992403817,15000.0
2000004,2025-07-05,54977.0,15000.0,39977.0,10.596084581790592,0.1578858616286394,1.013667779762367,0.0,0,56.0,15420.999999999998,814.6964285714286,6100.0,887.8378378378378,5500.0,807.9285714285714,5500.0,735.7142857142857,4100.0,6.704042261936558,-1.0851431677797938,-0.8019345964414076,8.716207971151853,-0.8572659675848701,-0.6548076923076923,6.789914809244016,-0.7314091574731162,-0.5396028925948212,8.612685172875459,-0.8223387263426144,-0.7088915956151035,6.6957106207359764,-0.8253018396829412,-0.5913823659725298,8.612685172875459,-0.7091983351831063,-0.5813953488372093,6.602200144995646,-0.7413886628615546,-0.5370054607066543,8.31898612539206,-0.6802920887243881,-0.6205128205128205,11015.0,0.05,0.2,0.2,0.0,1112.7793992403817,15000.0
2000004,2025-07-06,54977.0,15000.0,39977.0,10.596084581790592,0.1578858616286394,1.013667779762367,0.0,0,56.0,15420.999999999998,814.6964285714286,6100.0,887.8378378378378,5500.0,807.9285714285714,5500.0,735.7142857142857,4100.0,6.704042261936558,-1.0851431677797938,-0.8019345964414076,8.716207971151853,-0.8572659675848701,-0.6548076923076923,6.789914809244016,-0.7314091574731162,-0.5396028925948212,8.612685172875459,-0.8223387263426144,-0.7088915956151035,6.6957106207359764,-0.8253018396829412,-0.5913823659725298,8.612685172875459,-0.7091983351831063,-0.5813953488372093,6.602200144995646,-0.7413886628615546,-0.5370054607066543,8.31898612539206,-0.6802920887243881,-0.6205128205128205,11015.0,0.05,0.2,0.2,0.0,1112.7793992403817,15000.0
2000004,2025-07-07,48457.0,15000.0,33457.0,10.418046199891226,0.03820323440006768,0.7605032228003417,0.0,0,56.0,15420.999999999998,814.6964285714286,6100.0,779.7297297297297,5500.0,807.9285714285714,5500.0,735.7142857142857,4100.0,6.704042261936558,-1.0851431677797938,-0.8019345964414076,8.716207971151853,-0.8572659675848701,-0.6548076923076923,6.660229033264169,-0.9834798476239709,-0.7212414998807999,8.612685172875459,-0.8223387263426144,-0.7088915956151035,6.6957106207359764,-0.8253018396829412,-0.5913823659725298,8.612685172875459,-0.7091983351831063,-0.5813953488372093,6.602200144995646,-0.7413886628615546,-0.5370054607066543,8.31898612539206,-0.6802920887243881,-0.6205128205128205,11015.0,0.05,0.2,0.2,0.0,898.1167483287112,15000.0
2000004,2025-07-08,48157.0,15000.0,33157.0,10.409039293799411,0.03269636504905978,0.7488545468665062,0.0,0,56.0,15420.999999999998,931.125,6520.0,955.9459459459459,6520.0,1040.7857142857142,6520.0,1201.4285714285713,6520.0,6.837466925863959,-0.761507848338399,-0.5704929671207349,8.782783017393202,-0.7853278269962879,-0.5740384615384615,6.8637469070426365,-0.5726046226780778,-0.42517057000465464,8.782783017393202,-0.6273688269913373,-0.46041412911084045,6.948691552686563,-0.3353598214820925,-0.23028356225077534,8.782783017393202,-0.5011578214423781,-0.34418604651162793,7.0920986001562625,0.005180453792409415,0.02590058492154269,8.782783017393202,-0.12218442412506877,0.0,11015.0,0.05,0.2,0.2,0.0,8129.575703747418,15000.0
2000004,2025-07-09,48157.0,15000.0,33157.0,10.409039293799411,0.03269636504905978,0.7488545468665062,0.0,0,56.0,15420.999999999998,936.4821428571429,6520.0,964.0540540540541,6520.0,908.6428571428571,6520.0,1044.2857142857142,6520.0,6.84319771004411,-0.7466166526585801,-0.5598438123973911,8.782783017393202,-0.7853278269962879,-0.5740384615384615,6.872184114334015,-0.5536993209167635,-0.41154767445820617,8.782783017393202,-0.6273688269913373,-0.46041412911084045,6.8130520577982985,-0.6133944023629423,-0.43520159503766054,8.782783017393202,-0.5011578214423781,-0.34418604651162793,6.952045537828717,-0.24672937084543115,-0.16403703783643786,8.782783017393202,-0.12218442412506877,0.0,11015.0,0.05,0.2,0.2,0.0,8129.575703747418,15000.0
2000004,2025-07-10,48137.0,15000.0,33137.0,10.408435939129243,0.03232924042565925,0.7480779684709171,0.0,0,56.0,15420.999999999998,891.8392857142857,6520.0,931.5135135135135,6520.0,908.6428571428571,6520.0,1044.2857142857142,6520.0,6.794406593475131,-0.8707099499904035,-0.6485867684252565,8.782783017393202,-0.7853278269962879,-0.5740384615384615,6.8378836431164665,-0.6295725986521707,-0.46622089525128574,8.782783017393202,-0.6273688269913373,-0.46041412911084045,6.8130520577982985,-0.6133944023629423,-0.43520159503766054,8.782783017393202,-0.5011578214423781,-0.34418604651162793,6.952045537828717,-0.24672937084543115,-0.16403703783643786,8.782783017393202,-0.12218442412506877,0.0,11015.0,0.05,0.2,0.2,0.0,8129.575703747418,15000.0
2000004,2025-07-11,48137.0,15000.0,33137.0,10.408435939129243,0.03232924042565925,0.7480779684709171,0.0,0,56.0,15420.999999999998,847.3214285714286,6520.0,931.8918918918919,6520.0,909.3571428571429,6520.0,1045.7142857142858,6520.0,6.74325960709989,-0.9944557860896975,-0.7370812441762437,8.782783017393202,-0.7853278269962879,-0.5740384615384615,6.838289322635215,-0.628690351236643,-0.4655851601257849,8.782783017393202,-0.6273688269913373,-0.46041412911084045,6.813836987194957,-0.6118915127365592,-0.43409392999556917,8.782783017393202,-0.5011578214423781,-0.34418604651162793,6.953411285104651,-0.24443928153054148,-0.16231033217500151,8.782783017393202,-0.12218442412506877,0.0,11015.0,0.05,0.2,0.2,0.0,7169.00632919268,15000.0
2000004,2025-07-12,48137.0,15000.0,33137.0,10.408435939129243,0.03232924042565925,0.7480779684709171,0.0,0,56.0,15420.999999999998,847.3214285714286,6520.0,796.5945945945946,6520.0,866.5,6520.0,867.1428571428571,6520.0,6.74325960709989,-0.9944557860896975,-0.7370812441762437,8.782783017393202,-0.7853278269962879,-0.5740384615384615,6.681600441536643,-0.9441568199604374,-0.6929058771441872,8.782783017393202,-0.6273688269913373,-0.46041412911084045,6.765615511821014,-0.7020648903195376,-0.5005538325210455,8.782783017393202,-0.5011578214423781,-0.34418604651162793,6.766356283080042,-0.5307004458917242,-0.37814853985452507,8.782783017393202,-0.12218442412506877,0.0,11015.0,0.05,0.2,0.2,0.0,6687.127358768845,15000.0
2000004,2025-07-13,48137.0,15000.0,33137.0,10.408435939129243,0.03232924042565925,0.7480779684709171,0.0,0,56.0,406.0,847.3214285714286,6520.0,796.5945945945946,6520.0,866.5,6520.0,867.1428571428571,6520.0,6.74325960709989,-0.9944557860896975,-0.7370812441762437,8.782783017393202,-0.7853278269962879,-0.5740384615384615,6.681600441536643,-0.9441568199604374,-0.6929058771441872,8.782783017393202,-0.6273688269913373,-0.46041412911084045,6.765615511821014,-0.7020648903195376,-0.5005538325210455,8.782783017393202,-0.5011578214423781,-0.34418604651162793,6.766356283080042,-0.5307004458917242,-0.37814853985452507,8.782783017393202,-0.12218442412506877,0.0,290.0,0.05,0.2,0.2,0.0,6687.127358768845,15000.0
2000004,2025-07-14,46937.0,15000.0,31937.0,10.371551802400813,0.010301763021627646,0.7014832647355751,0.0,0,56.0,406.0,847.3214285714286,6520.0,796.2702702702703,6520.0,866.5,6520.0,867.1428571428571,6520.0,6.74325960709989,-0.9944557860896975,-0.7370812441762437,8.782783017393202,-0.7853278269962879,-0.5740384615384615,6.681193730804042,-0.9449130320308899,-0.6934507929660451,8.782783017393202,-0.6273688269913373,-0.46041412911084045,6.765615511821014,-0.7020648903195376,-0.5005538325210455,8.782783017393202,-0.5011578214423781,-0.34418604651162793,6.766356283080042,-0.5307004458917242,-0.37814853985452507,8.782783017393202,-0.12218442412506877,0.0,290.0,0.05,0.2,0.2,0.0,6687.127358768845,15000.0
2000004,2025-07-15,43237.0,15000.0,28237.0,10.248423867569471,-0.057616292307469806,0.5578162615516037,0.0,0,56.0,406.0,868.75,6520.0,828.7027027027027,6520.0,909.3571428571429,6520.0,952.8571428571429,6520.0,6.768205814032052,-0.9348910033704223,-0.6944846252828684,8.782783017393202,-0.7853278269962879,-0.5740384615384615,6.721067447110641,-0.8692918249856336,-0.6389592107802515,8.782783017393202,-0.6273688269913373,-0.46041412911084045,6.813836987194957,-0.6118915127365592,-0.43409392999556917,8.782783017393202,-0.5011578214423781,-0.34418604651162793,6.860513914802556,-0.39329508699835647,-0.27454620016835374,8.782783017393202,-0.12218442412506877,0.0,290.0,0.05,0.2,0.2,0.0,6253.077955692424,15000.0
2000004,2025-07-16,40037.0,15000.0,25037.0,10.128149949819608,-0.11635623205155408,0.43356371825735807,0.0,0,56.0,406.0,934.8214285714286,6520.0,928.7027027027027,6520.0,983.5714285714286,6520.0,1217.142857142857,6520.0,6.841424676835716,-0.7512329233193241,-0.5631450503616278,8.782783017393202,-0.7853278269962879,-0.5740384615384615,6.83486486052729,-0.636126436596093,-0.4709434990407212,8.782783017393202,-0.6273688269913373,-0.46041412911084045,6.892206448592507,-0.45574128055536844,-0.3190075321222861,8.782783017393202,-0.5011578214423781,-0.34418604651162793,7.105082729686736,0.030371436256193582,0.04489434719734083,8.782783017393202,-0.12218442412506877,0.0,290.0,0.05,0.2,0.2,0.0,8566.669157811186,15000.0
2000004,2025-07-17,37537.0,15000.0,22537.0,10.022958052512294,-0.16224680997661994,0.33649141880872874,0.0,0,56.0,406.0,991.9642857142857,6520.0,1015.1891891891892,6520.0,1097.857142857143,6520.0,1152.857142857143,6520.0,6.900694697350328,-0.5923935027345906,-0.44955406664596026,8.782783017393202,-0.7853278269962879,-0.5740384615384615,6.923814820635408,-0.4344698844754094,-0.3256326132119383,8.782783017393202,-0.6273688269913373,-0.46041412911084045,7.002025957653357,-0.2152789403340928,-0.14178112538768262,8.782783017393202,-0.5011578214423781,-0.34418604651162793,7.050865646386983,-0.07268258291383202,-0.03280740756728752,8.782783017393202,-0.12218442412506877,0.0,290.0,0.05,0.2,0.2,0.0,12508.36364559319,15000.0
2000004,2025-07-18,37527.0,15000.0,22527.0,10.022514258957768,-0.1624303722883202,0.33610312961093425,0.0,0,56.0,406.0,1008.0357142857143,6520.0,974.6486486486486,6520.0,990.7142857142857,6520.0,1245.7142857142858,6520.0,6.916750415451392,-0.547719915695134,-0.41760660247592857,8.782783017393202,-0.7853278269962879,-0.5740384615384615,6.883102530462048,-0.5289963932819799,-0.3937470909441803,8.782783017393202,-0.6273688269913373,-0.46041412911084045,6.899435047366418,-0.4407123842915388,-0.30793088170137345,8.782783017393202,-0.5011578214423781,-0.34418604651162793,7.128266798107998,0.07617322255398294,0.07942846042606469,8.782783017393202,-0.12218442412506877,0.0,290.0,0.05,0.2,0.2,0.0,12508.36364559319,15000.0
2000004,2025-07-19,37527.0,15000.0,22527.0,10.022514258957768,-0.1624303722883202,0.33610312961093425,0.0,0,56.0,406.0,1008.2142857142857,6520.0,974.918918918919,6520.0,991.0714285714286,6520.0,1246.4285714285713,6520.0,6.916927372150549,-0.547223542505807,-0.4172516306518173,8.782783017393202,-0.7853278269962879,-0.5740384615384615,6.883379508084027,-0.5283662165566027,-0.39329299442596527,8.782783017393202,-0.6273688269913373,-0.46041412911084045,6.89979510930096,-0.43996093947834725,-0.30737704918032777,8.782783017393202,-0.5011578214423781,-0.34418604651162793,7.128839568614521,0.07731826721142741,0.08029181325678258,8.782783017393202,-0.12218442412506877,0.0,290.0,0.05,0.2,0.2,0.0,12508.36364559319,15000.0
2000004,2025-07-20,37527.0,15000.0,22527.0,10.022514258957768,-0.1624303722883202,0.33610312961093425,0.0,0,56.0,406.0,1008.2142857142857,6520.0,974.918918918919,6520.0,991.0714285714286,6520.0,1246.4285714285713,6520.0,6.916927372150549,-0.547223542505807,-0.4172516306518173,8.782783017393202,-0.7853278269962879,-0.5740384615384615,6.883379508084027,-0.5283662165566027,-0.39329299442596527,8.782783017393202,-0.6273688269913373,-0.46041412911084045,6.89979510930096,-0.43996093947834725,-0.30737704918032777,8.782783017393202,-0.5011578214423781,-0.34418604651162793,7.128839568614521,0.07731826721142741,0.08029181325678258,8.782783017393202,-0.12218442412506877,0.0,290.0,0.05,0.2,0.2,0.0,12508.36364559319,15000.0
2000004,2025-07-21,30522.0,15000.0,15522.0,9.650078074026442,-0.2910157716343547,0.06410654655587482,0.0,0,56.0,406.0,1008.2142857142857,6520.0,942.4864864864865,6520.0,991.0714285714286,6520.0,1246.4285714285713,6520.0,6.916927372150549,-0.547223542505807,-0.4172516306518173,8.782783017393202,-0.7853278269962879,-0.5740384615384615,6.849582041957212,-0.6039874236018592,-0.447784576611759,8.782783017393202,-0.6273688269913373,-0.46041412911084045,6.89979510930096,-0.43996093947834725,-0.30737704918032777,8.782783017393202,-0.5011578214423781,-0.34418604651162793,7.128839568614521,0.07731826721142741,0.08029181325678258,8.782783017393202,-0.12218442412506877,0.0,290.0,0.05,0.2,0.2,0.0,14923.20761661349,15000.0
2000004,2025-07-22,30522.0,15000.0,15522.0,9.650078074026442,-0.2910157716343547,0.06410654655587482,0.0,0,56.0,406.0,1133.3035714285713,7005.0,1131.8108108108108,7005.0,1241.25,7005.0,1281.0714285714287,7005.0,7.033774148134995,-0.19951412338203864,-0.1685938678617389,8.854522203757432,-0.7022564027451871,-0.4807692307692308,7.032457266335664,-0.16254862747517487,-0.12968996560218873,8.854522203757432,-0.5346625513194065,-0.34226552984165654,7.12467953048243,0.08642615216228879,0.08058263181214011,8.854522203757432,-0.40223659677154167,-0.2313953488372093,7.156232352442883,0.13285293309749713,0.12216442554661038,8.854522203757432,-0.010332268203304368,0.12435897435897436,290.0,0.05,0.2,0.2,0.0,9226.95316295604,15000.0
2000004,2025-07-23,29292.0,15000.0,14292.0,9.567525185909115,-0.3135939359734871,0.01634697522714918,0.0,0,56.0,406.0,1024.375,7005.0,1131.8108108108108,7005.0,1151.9642857142858,7005.0,1259.642857142857,7005.0,6.932813678322914,-0.5023017688716869,-0.38512668056973,8.854522203757432,-0.7022564027451871,-0.4807692307692308,7.032457266335664,-0.16254862747517487,-0.12968996560218873,8.854522203757432,-0.5346625513194065,-0.34226552984165654,7.050091544693298,-0.1014350511355826,-0.05787549844926874,8.854522203757432,-0.40223659677154167,-0.2313953488372093,7.139377073917307,0.09850159337415502,0.0962638406250674,8.854522203757432,-0.010332268203304368,0.12435897435897436,290.0,0.05,0.2,0.2,0.0,10320.938127492464,15000.0
2000004,2025-07-24,29292.0,15000.0,14292.0,9.567525185909115,-0.3135939359734871,0.01634697522714918,0.0,0,56.0,406.0,1045.267857142857,7005.0,1165.054054054054,7005.0,1195.892857142857,7005.0,1347.5,7005.0,6.952984689417036,-0.4442261057203937,-0.3435949771486891,8.854522203757432,-0.7022564027451871,-0.4807692307692308,7.061380724372839,-0.08503689025378738,-0.07383609386175051,8.854522203757432,-0.5346625513194065,-0.34226552984165654,7.087484192063754,-0.00900733911303002,0.010245901639344312,8.854522203757432,-0.40223659677154167,-0.2313953488372093,7.206748142579785,0.23934208623985687,0.20245623880339297,8.854522203757432,-0.010332268203304368,0.12435897435897436,290.0,0.05,0.2,0.2,0.0,9519.840483467964,15000.0
2000004,2025-07-25,26092.0,15000.0,11092.0,9.314069557738659,-0.37233387571757137,-0.10790556806709638,0.0,0,56.0,406.0,1045.267857142857,7005.0,1121.2162162162163,7005.0,1195.892857142857,7005.0,1346.0714285714287,7005.0,6.952984689417036,-0.4442261057203937,-0.3435949771486891,8.854522203757432,-0.7022564027451871,-0.4807692307692308,7.02306077359227,-0.1872515551099586,-0.14749054911621462,8.854522203757432,-0.5346625513194065,-0.34226552984165654,7.087484192063754,-0.00900733911303002,0.010245901639344312,8.854522203757432,-0.40223659677154167,-0.2313953488372093,7.2056882028971065,0.23705199692496756,0.20072953314195688,8.854522203757432,-0.010332268203304368,0.12435897435897436,290.0,0.05,0.2,0.2,0.0,13207.025018912114,15000.0
2000004,2025-07-26,26092.0,15000.0,11092.0,9.314069557738659,-0.37233387571757137,-0.10790556806709638,0.0,0,56.0,406.0,1030.982142857143,7005.0,1207.7027027027027,7005.0,1220.892857142857,7005.0,1574.642857142857,7005.0,6.939236642458801,-0.4839359608665769,-0.37199272307760584,8.854522203757432,-0.7022564027451871,-0.4807692307692308,7.097302916903867,0.014404997010725023,-0.002179663287431734,8.854522203757432,-0.5346625513194065,-0.34226552984165654,7.108156457608408,0.04359379781037401,0.04901417811253882,8.854522203757432,-0.40223659677154167,-0.2313953488372093,7.362418631249073,0.603466287307281,0.4770024389717467,8.854522203757432,-0.010332268203304368,0.12435897435897436,290.0,0.05,0.2,0.2,0.0,12873.420121043906,15000.0
2000004,2025-07-27,26092.0,15000.0,11092.0,9.314069557738659,-0.37233387571757137,-0.10790556806709638,0.0,0,56.0,406.0,1030.982142857143,7005.0,1059.054054054054,7005.0,1220.892857142857,7005.0,1574.642857142857,7005.0,6.939236642458801,-0.4839359608665769,-0.37199272307760584,8.854522203757432,-0.7022564027451871,-0.4807692307692308,6.96607518019656,-0.33219220194670035,-0.2519327483056526,8.854522203757432,-0.5346625513194065,-0.34226552984165654,7.108156457608408,0.04359379781037401,0.04901417811253882,8.854522203757432,-0.40223659677154167,-0.2313953488372093,7.362418631249073,0.603466287307281,0.4770024389717467,8.854522203757432,-0.010332268203304368,0.12435897435897436,290.0,0.05,0.2,0.2,0.0,13207.025018912114,15000.0
2000004,2025-07-28,26092.0,15000.0,11092.0,9.314069557738659,-0.37233387571757137,-0.10790556806709638,0.0,0,56.0,406.0,1030.982142857143,7005.0,1059.054054054054,7005.0,1220.892857142857,7005.0,1574.642857142857,7005.0,6.939236642458801,-0.4839359608665769,-0.37199272307760584,8.854522203757432,-0.7022564027451871,-0.4807692307692308,6.96607518019656,-0.33219220194670035,-0.2519327483056526,8.854522203757432,-0.5346625513194065,-0.34226552984165654,7.108156457608408,0.04359379781037401,0.04901417811253882,8.854522203757432,-0.40223659677154167,-0.2313953488372093,7.362418631249073,0.603466287307281,0.4770024389717467,8.854522203757432,-0.010332268203304368,0.12435897435897436,290.0,0.05,0.2,0.2,0.0,13207.025018912114,15000.0
2000004,2025-07-29,26032.0,15000.0,11032.0,9.308646060760307,-0.37343524958777297,-0.11023530325386348,0.0,0,56.0,406.0,1009.4821428571429,7005.0,1059.054054054054,7005.0,1220.892857142857,7005.0,1488.9285714285713,7005.0,6.918182865096381,-0.5436992928615829,-0.4147313307006258,8.854522203757432,-0.7022564027451871,-0.4807692307692308,6.96607518019656,-0.33219220194670035,-0.2519327483056526,8.854522203757432,-0.5346625513194065,-0.34226552984165654,7.108156457608408,0.04359379781037401,0.04901417811253882,8.854522203757432,-0.40223659677154167,-0.2313953488372093,7.306483459151869,0.4660609284139133,0.3734000992855754,8.854522203757432,-0.010332268203304368,0.12435897435897436,290.0,0.05,0.2,0.2,0.0,13522.523088070311,15000.0
2000004,2025-07-30,44788.0,15000.0,29788.0,10.301894476832386,-0.029145777762758954,0.6180399161295332,0.0,0,56.0,406.0,1010.4464285714286,7005.0,1060.6756756756756,7005.0,1223.0357142857142,7005.0,1228.9285714285713,7005.0,6.919136692843829,-0.5410188776392157,-0.412814482850424,8.854522203757432,-0.7022564027451871,-0.4807692307692308,6.967603765024922,-0.3284111415944374,-0.24920816919636285,8.854522203757432,-0.5346625513194065,-0.34226552984165654,7.109908640984594,0.04810246668952285,0.05233717323881258,8.854522203757432,-0.40223659677154167,-0.2313953488372093,7.114711374670927,0.04926467310403152,0.0591396689041893,8.854522203757432,-0.010332268203304368,0.12435897435897436,290.0,0.05,0.2,0.2,0.0,2139.0619493466806,15000.0
2000004,2025-07-31,44788.0,15000.0,29788.0,10.301894476832386,-0.029145777762758954,0.6180399161295332,0.0,0,56.0,406.0,921.0535714285714,7005.0,1060.6756756756756,7005.0,1076.607142857143,7005.0,1000.3571428571429,7005.0,6.826603325370355,-0.7895032962164583,-0.5905133780006213,8.854522203757432,-0.7022564027451871,-0.4807692307692308,6.967603765024922,-0.3284111415944374,-0.24920816919636285,8.854522203757432,-0.5346625513194065,-0.34226552984165654,6.98249825356077,-0.25998990671898625,-0.17473416038989795,8.854522203757432,-0.40223659677154167,-0.2313953488372093,6.909111501753277,-0.3171496172782819,-0.21713323692560052,8.854522203757432,-0.010332268203304368,0.12435897435897436,290.0,0.05,0.2,0.2,0.0,3527.3062146264037,15000.0
2000004,2025-08-01,44788.0,15000.0,29788.0,10.301894476832386,-0.029145777762758954,0.6180399161295332,0.0,0,56.0,406.0,921.0535714285714,7005.0,993.1081081081081,7005.0,1033.75,7005.0,821.7857142857143,7005.0,6.826603325370355,-0.7895032962164583,-0.5905133780006213,8.854522203757432,-0.7022564027451871,-0.4807692307692308,6.901845961414702,-0.4859553229387214,-0.3627322987500994,8.854522203757432,-0.5346625513194065,-0.34226552984165654,6.941915130628842,-0.35016328430196464,-0.2411940629153743,8.854522203757432,-0.40223659677154167,-0.2313953488372093,6.712695795311248,-0.6034107816394644,-0.4329714446051239,8.854522203757432,-0.010332268203304368,0.12435897435897436,290.0,0.05,0.2,0.2,0.0,3527.3062146264037,15000.0
2000004,2025-08-02,44788.0,15000.0,29788.0,10.301894476832386,-0.029145777762758954,0.6180399161295332,0.0,0,56.0,406.0,920.8392857142857,7005.0,993.1081081081081,7005.0,1033.75,7005.0,821.0714285714286,7005.0,6.826370897857639,-0.7900989440436512,-0.5909393441895552,8.854522203757432,-0.7022564027451871,-0.4807692307692308,6.901845961414702,-0.4859553229387214,-0.3627322987500994,8.854522203757432,-0.5346625513194065,-0.34226552984165654,6.941915130628842,-0.35016328430196464,-0.2411940629153743,8.854522203757432,-0.40223659677154167,-0.2313953488372093,6.711827287353232,-0.6045558262969093,-0.4338347974358421,8.854522203757432,-0.010332268203304368,0.12435897435897436,290.0,0.05,0.2,0.2,0.0,3527.3062146264037,15000.0
2000004,2025-08-03,44788.0,15000.0,29788.0,10.301894476832386,-0.029145777762758954,0.6180399161295332,0.0,0,56.0,406.0,920.8392857142857,7005.0,993.1081081081081,7005.0,1033.75,7005.0,821.0714285714286,7005.0,6.826370897857639,-0.7900989440436512,-0.5909393441895552,8.854522203757432,-0.7022564027451871,-0.4807692307692308,6.901845961414702,-0.4859553229387214,-0.3627322987500994,8.854522203757432,-0.5346625513194065,-0.34226552984165654,6.941915130628842,-0.35016328430196464,-0.2411940629153743,8.854522203757432,-0.40223659677154167,-0.2313953488372093,6.711827287353232,-0.6045558262969093,-0.4338347974358421,8.854522203757432,-0.010332268203304368,0.12435897435897436,290.0,0.05,0.2,0.2,0.0,3527.3062146264037,15000.0
2000004,2025-08-04,40788.0,15000.0,25788.0,10.157703323404748,-0.10257070244286431,0.4627242370117263,0.0,0,56.0,406.0,920.8392857142857,7005.0,925.5405405405405,7005.0,1033.75,7005.0,821.0714285714286,7005.0,6.826370897857639,-0.7900989440436512,-0.5909393441895552,8.854522203757432,-0.7022564027451871,-0.4807692307692308,6.831457801422778,-0.6434995042830056,-0.47625642830383613,8.854522203757432,-0.5346625513194065,-0.34226552984165654,6.941915130628842,-0.35016328430196464,-0.2411940629153743,8.854522203757432,-0.40223659677154167,-0.2313953488372093,6.711827287353232,-0.6045558262969093,-0.4338347974358421,8.854522203757432,-0.010332268203304368,0.12435897435897436,290.0,0.05,0.2,0.2,0.0,3964.399668690171,15000.0
2000004,2025-08-05,40788.0,15000.0,25788.0,10.157703323404748,-0.10257070244286431,0.4627242370117263,0.0,0,56.0,406.0,992.2678571428571,7005.0,1033.6486486486488,7005.0,943.75,7005.0,606.4285714285714,4000.0,6.901000373030814,-0.5915496683127341,-0.44895061454497076,8.854522203757432,-0.7022564027451871,-0.4807692307692308,6.9418171781618305,-0.3914288141321507,-0.2946178210178572,8.854522203757432,-0.5346625513194065,-0.34226552984165654,6.850920342229599,-0.5395273772262191,-0.3807598582188745,8.854522203757432,-0.40223659677154167,-0.2313953488372093,6.409234590406525,-0.9486417458590506,-0.6932723230666292,8.294299608857235,-0.7033543889144426,-0.6461538461538462,290.0,0.05,0.2,0.2,0.0,3031.7247701077263,15000.0
2000004,2025-08-06,39288.0,10000.0,29288.0,10.28496729789378,-0.03832389334777212,0.5986254562398075,0.0,0,56.0,406.0,920.8392857142857,7005.0,1033.6486486486488,7005.0,933.0357142857143,7005.0,606.4285714285714,4000.0,6.826370897857639,-0.7900989440436512,-0.5909393441895552,8.854522203757432,-0.7022564027451871,-0.4807692307692308,6.9418171781618305,-0.3914288141321507,-0.2946178210178572,8.854522203757432,-0.5346625513194065,-0.34226552984165654,6.839514675491059,-0.5620707216219636,-0.39737483385024347,8.854522203757432,-0.40223659677154167,-0.2313953488372093,6.409234590406525,-0.9486417458590506,-0.6932723230666292,8.294299608857235,-0.7033543889144426,-0.6461538461538462,290.0,0.05,0.2,0.2,0.0,3731.1972458952305,10000.0
2000004,2025-08-07,48300.0,10000.0,38300.0,10.55323128448846,0.12710246195650524,0.9485516812922264,0.0,0,56.0,406.0,920.8392857142857,7005.0,1033.6486486486488,7005.0,933.0357142857143,7005.0,518.5714285714286,4000.0,6.826370897857639,-0.7900989440436512,-0.5909393441895552,8.854522203757432,-0.7022564027451871,-0.4807692307692308,6.9418171781618305,-0.3914288141321507,-0.2946178210178572,8.854522203757432,-0.5346625513194065,-0.34226552984165654,6.839514675491059,-0.5620707216219636,-0.39737483385024347,8.854522203757432,-0.40223659677154167,-0.2313953488372093,6.253004295931675,-1.0894822387247525,-0.7994647212449547,8.294299608857235,-0.7033543889144426,-0.6461538461538462,290.0,0.05,0.2,0.2,0.0,4979.39302663089,10000.0
2000004,2025-08-08,48300.0,10000.0,38300.0,10.55323128448846,0.12710246195650524,0.9485516812922264,0.0,0,56.0,406.0,920.8392857142857,7005.0,1033.6486486486488,7005.0,932.3214285714286,7005.0,518.5714285714286,4000.0,6.826370897857639,-0.7900989440436512,-0.5909393441895552,8.854522203757432,-0.7022564027451871,-0.4807692307692308,6.9418171781618305,-0.3914288141321507,-0.2946178210178572,8.854522203757432,-0.5346625513194065,-0.34226552984165654,6.838749652311797,-0.5635736112483467,-0.39848249889233484,8.854522203757432,-0.40223659677154167,-0.2313953488372093,6.253004295931675,-1.0894822387247525,-0.7994647212449547,8.294299608857235,-0.7033543889144426,-0.6461538461538462,290.0,0.05,0.2,0.2,0.0,4979.39302663089,10000.0
2000004,2025-08-09,48300.0,10000.0,38300.0,10.55323128448846,0.12710246195650524,0.9485516812922264,0.0,0,56.0,406.0,899.4107142857143,7005.0,922.8378378378378,7005.0,932.3214285714286,7005.0,290.0,4000.0,6.802851008435029,-0.8496637267629261,-0.6335359630829304,8.854522203757432,-0.7022564027451871,-0.4807692307692308,6.828536556064226,-0.649801271536777,-0.4807973934859856,8.854522203757432,-0.5346625513194065,-0.34226552984165654,6.838749652311797,-0.5635736112483467,-0.39848249889233484,8.854522203757432,-0.40223659677154167,-0.2313953488372093,5.673323267171493,-1.455896529107066,-1.0757376270747447,8.294299608857235,-0.7033543889144426,-0.6461538461538462,290.0,0.05,0.2,0.2,0.0,5939.297534428938,10000.0
2000004,2025-08-10,48300.0,10000.0,38300.0,10.55323128448846,0.12710246195650524,0.9485516812922264,0.0,0,56.0,406.0,899.4107142857143,7005.0,890.4054054054054,7005.0,932.3214285714286,7005.0,290.0,4000.0,6.802851008435029,-0.8496637267629261,-0.6335359630829304,8.854522203757432,-0.7022564027451871,-0.4807692307692308,6.792799324444491,-0.7254224785820333,-0.5352889756717791,8.854522203757432,-0.5346625513194065,-0.34226552984165654,6.838749652311797,-0.5635736112483467,-0.39848249889233484,8.854522203757432,-0.40223659677154167,-0.2313953488372093,5.673323267171493,-1.455896529107066,-1.0757376270747447,8.294299608857235,-0.7033543889144426,-0.6461538461538462,290.0,0.05,0.2,0.2,0.0,5939.297534428938,10000.0
2000004,2025-08-11,48300.0,10000.0,38300.0,10.55323128448846,0.12710246195650524,0.9485516812922264,0.0,0,56.0,406.0,899.4107142857143,7005.0,890.4054054054054,7005.0,932.3214285714286,7005.0,290.0,4000.0,6.802851008435029,-0.8496637267629261,-0.6335359630829304,8.854522203757432,-0.7022564027451871,-0.4807692307692308,6.792799324444491,-0.7254224785820333,-0.5352889756717791,8.854522203757432,-0.5346625513194065,-0.34226552984165654,6.838749652311797,-0.5635736112483467,-0.39848249889233484,8.854522203757432,-0.40223659677154167,-0.2313953488372093,5.673323267171493,-1.455896529107066,-1.0757376270747447,8.294299608857235,-0.7033543889144426,-0.6461538461538462,290.0,0.05,0.2,0.2,0.0,5939.297534428938,10000.0
2000004,2025-08-12,48000.0,10000.0,38000.0,10.545367754151743,0.12159559260549734,0.9369030053583909,0.0,0,56.0,406.0,899.4107142857143,7005.0,890.4054054054054,7005.0,889.4642857142857,7005.0,290.0,4000.0,6.802851008435029,-0.8496637267629261,-0.6335359630829304,8.854522203757432,-0.7022564027451871,-0.4807692307692308,6.792799324444491,-0.7254224785820333,-0.5352889756717791,8.854522203757432,-0.5346625513194065,-0.34226552984165654,6.791742996045932,-0.6537469888313251,-0.4649424014178112,8.854522203757432,-0.40223659677154167,-0.2313953488372093,5.673323267171493,-1.455896529107066,-1.0757376270747447,8.294299608857235,-0.7033543889144426,-0.6461538461538462,290.0,0.05,0.2,0.2,0.0,5939.297534428938,10000.0
2000004,2025-08-13,47990.0,10000.0,37990.0,10.54510456855174,0.12141203029379707,0.9365147161605964,0.0,0,56.0,406.0,875.8035714285714,7005.0,898.5135135135135,7005.0,768.0357142857143,7005.0,307.14285714285717,4000.0,6.776282989438845,-0.9152842623919942,-0.6804632382304656,8.854522203757432,-0.7022564027451871,-0.4807692307692308,6.801854076639065,-0.7065171768207191,-0.5216660801253307,8.854522203757432,-0.5346625513194065,-0.34226552984165654,6.6451374109314045,-0.9092382253164302,-0.6532454585733272,8.854522203757432,-0.40223659677154167,-0.2313953488372093,5.7305634973338435,-1.4284154573283925,-1.0550171591375104,8.294299608857235,-0.7033543889144426,-0.6461538461538462,290.0,0.05,0.2,0.2,0.0,3992.3102992659014,10000.0
2000004,2025-08-14,47990.0,10000.0,37990.0,10.54510456855174,0.12141203029379707,0.9365147161605964,0.0,0,56.0,406.0,875.9821428571429,7005.0,722.5675675675676,7005.0,654.1071428571429,7005.0,307.85714285714283,4000.0,6.776486630542468,-0.914787889202667,-0.6801082664063541,8.854522203757432,-0.7022564027451871,-0.4807692307692308,6.5841939315763085,-1.116762225041235,-0.817282913483261,8.854522203757432,-0.5346625513194065,-0.34226552984165654,6.4847987991391465,-1.1489491207245142,-0.829918032786885,8.854522203757432,-0.40223659677154167,-0.2313953488372093,5.73287884914384,-1.4272704126709477,-1.0541538063067923,8.294299608857235,-0.7033543889144426,-0.6461538461538462,290.0,0.05,0.2,0.2,406.0,3457.5524624588534,10000.0
2000004,2025-08-15,39990.0,10000.0,29990.0,10.30865261563529,-0.025437819066413635,0.6258833579249825,0.0,0,56.0,406.0,777.7678571428571,7005.0,714.4594594594595,7005.0,564.8214285714286,7005.0,307.85714285714283,4000.0,6.657713000359285,-1.187793143332678,-0.8753427696676579,8.854522203757432,-0.7022564027451871,-0.4807692307692308,6.572924936957223,-1.1356675268025491,-0.8309058090297095,8.854522203757432,-0.5346625513194065,-0.34226552984165654,6.338278531199839,-1.3368103240223859,-0.9683761630482941,8.854522203757432,-0.40223659677154167,-0.2313953488372093,5.73287884914384,-1.4272704126709477,-1.0541538063067923,8.294299608857235,-0.7033543889144426,-0.6461538461538462,290.0,0.05,0.2,0.2,406.0,3136.9898958655895,10000.0
2000004,2025-08-16,39990.0,10000.0,29990.0,10.30865261563529,-0.025437819066413635,0.6258833579249825,0.0,0,56.0,406.0,920.625,8000.0,930.6756756756756,8000.0,850.1785714285714,8000.0,879.2857142857143,8000.0,6.826138416309814,-0.7906945918708439,-0.5913653103784889,8.987321812850125,-0.5318315220650935,-0.28942307692307695,6.836984766651449,-0.6315261465008402,-0.46762859445775223,8.987321812850125,-0.34447132597183727,-0.09987819732034105,6.7466219437269945,-0.7364059182823884,-0.5258639787328311,8.987321812850125,-0.19929511523034119,0.0,6.7802465301013,-0.5112346867151636,-0.3634715417323174,8.987321812850125,0.21913761868773807,0.37948717948717947,290.0,0.05,0.2,0.2,406.0,5639.327124451297,10000.0
2000004,2025-08-17,39990.0,10000.0,29990.0,10.30865261563529,-0.025437819066413635,0.6258833579249825,0.0,0,56.0,406.0,920.625,8000.0,930.1351351351351,8000.0,850.1785714285714,8000.0,879.2857142857143,8000.0,6.826138416309814,-0.7906945918708439,-0.5913653103784889,8.987321812850125,-0.5318315220650935,-0.28942307692307695,6.8364044172648395,-0.6327864999515943,-0.46853678749418204,8.987321812850125,-0.34447132597183727,-0.09987819732034105,6.7466219437269945,-0.7364059182823884,-0.5258639787328311,8.987321812850125,-0.19929511523034119,0.0,6.7802465301013,-0.5112346867151636,-0.3634715417323174,8.987321812850125,0.21913761868773807,0.37948717948717947,290.0,0.05,0.2,0.2,406.0,5639.327124451297,10000.0
2000004,2025-08-18,27390.0,10000.0,17390.0,9.763708110007842,-0.2567263318087455,0.13663896870389067,0.0,0,56.0,406.0,920.625,8000.0,930.1351351351351,8000.0,850.1785714285714,8000.0,879.2857142857143,8000.0,6.826138416309814,-0.7906945918708439,-0.5913653103784889,8.987321812850125,-0.5318315220650935,-0.28942307692307695,6.8364044172648395,-0.6327864999515943,-0.46853678749418204,8.987321812850125,-0.34447132597183727,-0.09987819732034105,6.7466219437269945,-0.7364059182823884,-0.5258639787328311,8.987321812850125,-0.19929511523034119,0.0,6.7802465301013,-0.5112346867151636,-0.3634715417323174,8.987321812850125,0.21913761868773807,0.37948717948717947,290.0,0.05,0.2,0.2,406.0,13836.081507283041,10000.0
2000004,2025-08-19,24890.0,10000.0,14890.0,9.608512282590205,-0.30261690973381133,0.03956666925526132,0.0,0,56.0,406.0,1145.625,12600.0,1270.6756756756756,12600.0,1050.0,12600.0,1493.5714285714287,12600.0,7.04457812382982,-0.16526437331845517,-0.1441008119980479,9.441531454869693,0.2560623986669967,0.5951923076923077,7.148090739436108,0.1612361740235977,0.10362482545665075,9.441531454869693,0.5348046907103927,1.020706455542022,6.957497370876951,-0.315972545301752,-0.21599468320779786,9.441531454869693,0.7389268094827466,1.069767441860465,7.309594774875243,0.47350371868730434,0.3790118926852432,9.441531454869693,1.2800034274302459,1.558974358974359,290.0,0.05,0.2,0.2,406.0,10178.399919395071,10000.0
2000004,2025-08-20,20890.0,10000.0,10890.0,9.295692039075686,-0.3760418344139167,-0.11574900986254562,0.0,0,56.0,406.0,1145.625,12600.0,1338.2432432432433,12600.0,1139.2857142857142,12600.0,1672.142857142857,12600.0,7.04457812382982,-0.16526437331845517,-0.1441008119980479,9.441531454869693,0.2560623986669967,0.5951923076923077,7.199859989568759,0.3187803553678822,0.21714895501038767,9.441531454869693,0.5348046907103927,1.020706455542022,7.039034136553366,-0.12811134200388063,-0.077536552946389,9.441531454869693,0.7389268094827466,1.069767441860465,7.422459087145779,0.7597648830484867,0.5948501003647665,9.441531454869693,1.2800034274302459,1.558974358974359,290.0,0.05,0.2,0.2,406.0,14819.45166873123,10000.0
2000004,2025-08-21,40866.0,10000.0,30866.0,10.33744293104392,-0.009357760561470562,0.6598974916517822,0.0,0,56.0,406.0,1217.0535714285713,12600.0,1413.918918918919,12600.0,1238.2142857142858,12600.0,1957.857142857143,12600.0,7.105009430413099,0.0332849024124616,-0.0021120823534636454,9.441531454869693,0.2560623986669967,0.5951923076923077,7.254827507318194,0.49522983847348034,0.34429598011057266,9.441531454869693,0.5348046907103927,1.020706455542022,7.12223281721107,0.08003887125016128,0.0758750553832523,9.441531454869693,0.7389268094827466,1.069767441860465,7.580116491782248,1.2177827460263788,0.940191232652004,9.441531454869693,1.2800034274302459,1.558974358974359,290.0,0.05,0.2,0.2,406.0,8419.323478942704,10000.0
2000004,2025-08-22,34666.0,10000.0,24666.0,10.113221596940404,-0.12316639381563387,0.4191581890191815,0.0,0,56.0,406.0,1217.0535714285713,12600.0,1313.918918918919,12600.0,1238.2142857142858,12600.0,1957.857142857143,12600.0,7.105009430413099,0.0332849024124616,-0.0021120823534636454,9.441531454869693,0.2560623986669967,0.5951923076923077,7.181530284094102,0.2620644500839398,0.17628026837104238,9.441531454869693,0.5348046907103927,1.020706455542022,7.12223281721107,0.08003887125016128,0.0758750553832523,9.441531454869693,0.7389268094827466,1.069767441860465,7.580116491782248,1.2177827460263788,0.940191232652004,9.441531454869693,1.2800034274302459,1.558974358974359,290.0,0.05,0.2,0.2,406.0,8435.093451155499,10000.0
2000004,2025-08-23,34666.0,10000.0,24666.0,10.113221596940404,-0.12316639381563387,0.4191581890191815,0.0,0,56.0,406.0,1283.125,12600.0,1395.0,12600.0,1345.357142857143,12600.0,2400.714285714286,12600.0,7.157832831536428,0.21694298246356014,0.12922749256777716,9.441531454869693,0.2560623986669967,0.5951923076923077,7.241366283322318,0.45111746769708067,0.3125092238355263,9.441531454869693,0.5348046907103927,1.020706455542022,7.205157811455798,0.30547231520760704,0.24202481169694298,9.441531454869693,0.7389268094827466,1.069767441860465,7.783938047069694,1.9277104336421116,1.4754699876972222,9.441531454869693,1.2800034274302459,1.558974358974359,290.0,0.05,0.2,0.2,406.0,8435.093451155499,10000.0
2000004,2025-08-24,34666.0,10000.0,24666.0,10.113221596940404,-0.12316639381563387,0.4191581890191815,0.0,0,56.0,406.0,1283.125,12600.0,1327.4324324324325,12600.0,1345.357142857143,12600.0,2400.714285714286,12600.0,7.157832831536428,0.21694298246356014,0.12922749256777716,9.441531454869693,0.2560623986669967,0.5951923076923077,7.19175490386312,0.29357328635279667,0.19898509428178976,9.441531454869693,0.5348046907103927,1.020706455542022,7.205157811455798,0.30547231520760704,0.24202481169694298,9.441531454869693,0.7389268094827466,1.069767441860465,7.783938047069694,1.9277104336421116,1.4754699876972222,9.441531454869693,1.2800034274302459,1.558974358974359,290.0,0.05,0.2,0.2,406.0,8435.093451155499,10000.0
2000004,2025-08-25,34638.0,10000.0,24638.0,10.112085832408303,-0.1236803682883946,0.41807097926535686,0.0,0,56.0,406.0,1283.125,12600.0,1327.162162162162,12600.0,1345.357142857143,12600.0,2400.714285714286,12600.0,7.157832831536428,0.21694298246356014,0.12922749256777716,9.441531454869693,0.2560623986669967,0.5951923076923077,7.191551432643421,0.29294310962741915,0.19853099776357455,9.441531454869693,0.5348046907103927,1.020706455542022,7.205157811455798,0.30547231520760704,0.24202481169694298,9.441531454869693,0.7389268094827466,1.069767441860465,7.783938047069694,1.9277104336421116,1.4754699876972222,9.441531454869693,1.2800034274302459,1.558974358974359,290.0,0.05,0.2,0.2,406.0,8435.093451155499,10000.0
2000004,2025-08-26,83138.0,10000.0,73138.0,11.200117019200826,0.7665968434578828,2.301273588568766,0.0,0,56.0,406.0,1283.625,12600.0,1327.918918918919,12600.0,1346.357142857143,12600.0,2402.714285714286,12600.0,7.158222125945237,0.21833282739367654,0.13022141367528925,9.441531454869693,0.2560623986669967,0.5951923076923077,7.192121047761761,0.29470760445847544,0.19980246801457663,9.441531454869693,0.5348046907103927,1.020706455542022,7.205900280730466,0.3075763606845432,0.24357554275587076,9.441531454869693,0.7389268094827466,1.069767441860465,7.784770439055445,1.9309165586829569,1.4778873756232327,9.441531454869693,1.2800034274302459,1.558974358974359,290.0,0.05,0.2,0.2,406.0,259.08972076801376,10000.0
2000004,2025-08-27,79138.0,10000.0,69138.0,11.14387424996344,0.6931719187777775,2.145957909450959,0.0,0,56.0,406.0,1283.625,12600.0,1327.918918918919,12600.0,1344.2142857142858,12600.0,2381.285714285714,12600.0,7.158222125945237,0.21833282739367654,0.13022141367528925,9.441531454869693,0.2560623986669967,0.5951923076923077,7.192121047761761,0.29470760445847544,0.19980246801457663,9.441531454869693,0.5348046907103927,1.020706455542022,7.204308599579488,0.30306769180539433,0.240252547629597,9.441531454869693,0.7389268094827466,1.069767441860465,7.775815689945374,1.8965652189596147,1.45198679070169,9.441531454869693,1.2800034274302459,1.558974358974359,290.0,0.05,0.2,0.2,406.0,259.08972076801376,10000.0
2000004,2025-08-28,72938.0,10000.0,62938.0,11.049921282344737,0.5793632855236142,1.9052186068183583,0.0,0,56.0,406.0,1281.8392857142858,12600.0,1246.7027027027027,12600.0,1487.0714285714287,12600.0,2666.285714285714,12600.0,7.156831092322224,0.2133690955004038,0.12667169543417478,9.441531454869693,0.2560623986669967,0.5951923076923077,7.129059301562504,0.10533949848264583,0.06334646429098507,9.441531454869693,0.5348046907103927,1.020706455542022,7.305236217313123,0.6036456170819888,0.4617855560478514,9.441531454869693,0.7389268094827466,1.069767441860465,7.888816647910023,2.353438037280062,1.7964645701582092,9.441531454869693,1.2800034274302459,1.558974358974359,290.0,0.05,0.2,0.2,406.0,259.08972076801376,10000.0
2000004,2025-08-29,72638.0,10000.0,62638.0,11.045143366297152,0.5738564161726063,1.8935699308845229,0.0,0,56.0,406.0,1371.125,12600.0,1414.2702702702702,12600.0,1708.5,12600.0,3109.1428571428573,12600.0,7.2241159120074805,0.4615556901640499,0.30415760748990517,9.441531454869693,0.2560623986669967,0.5951923076923077,7.255075795563021,0.4960490682164703,0.34488630558425193,9.441531454869693,0.5348046907103927,1.020706455542022,7.443956209079356,1.06954140126071,0.8051617190961454,9.441531454869693,0.7389268094827466,1.069767441860465,8.042423938890934,3.063365724895795,2.3317433252034276,9.441531454869693,1.2800034274302459,1.558974358974359,290.0,0.05,0.2,0.2,406.0,634.7679322262304,10000.0
2000004,2025-08-30,72638.0,10000.0,62638.0,11.045143366297152,0.5738564161726063,1.8935699308845229,0.0,0,56.0,406.0,1376.482142857143,12600.0,1389.1351351351352,12600.0,1719.2142857142858,12600.0,2559.1428571428573,12600.0,7.228012577499953,0.4764468858438688,0.3148067622132491,9.441531454869693,0.2560623986669967,0.5951923076923077,7.237156240920906,0.437442632756397,0.30265532939026213,9.441531454869693,0.5348046907103927,1.020706455542022,7.450204146765075,1.0920847456564546,0.8217766947275146,9.441531454869693,0.7389268094827466,1.069767441860465,7.847818339488075,2.1816813386633527,1.6669616455504954,9.441531454869693,1.2800034274302459,1.558974358974359,290.0,0.05,0.2,0.2,406.0,259.08972076801376,10000.0
2000004,2025-08-31,72638.0,10000.0,62638.0,11.045143366297152,0.5738564161726063,1.8935699308845229,0.0,0,56.0,406.0,1376.482142857143,12600.0,1389.1351351351352,12600.0,1719.2142857142858,12600.0,2559.1428571428573,12600.0,7.228012577499953,0.4764468858438688,0.3148067622132491,9.441531454869693,0.2560623986669967,0.5951923076923077,7.237156240920906,0.437442632756397,0.30265532939026213,9.441531454869693,0.5348046907103927,1.020706455542022,7.450204146765075,1.0920847456564546,0.8217766947275146,9.441531454869693,0.7389268094827466,1.069767441860465,7.847818339488075,2.1816813386633527,1.6669616455504954,9.441531454869693,1.2800034274302459,1.558974358974359,290.0,0.05,0.2,0.2,406.0,259.08972076801376,10000.0
2000004,2025-09-01,71426.0,10000.0,61426.0,11.025604756891873,0.5516086639945343,1.8465092801118272,0.0,0,56.0,406.0,1376.482142857143,12600.0,1302.6486486486488,12600.0,1719.2142857142858,12600.0,2559.1428571428573,12600.0,7.228012577499953,0.4764468858438688,0.3148067622132491,9.441531454869693,0.2560623986669967,0.5951923076923077,7.172922264960429,0.23578608063571335,0.15734444356147922,9.441531454869693,0.5348046907103927,1.020706455542022,7.450204146765075,1.0920847456564546,0.8217766947275146,9.441531454869693,0.7389268094827466,1.069767441860465,7.847818339488075,2.1816813386633527,1.6669616455504954,9.441531454869693,1.2800034274302459,1.558974358974359,290.0,0.05,0.2,0.2,406.0,259.08972076801376,10000.0
2000004,2025-09-02,69826.0,10000.0,59826.0,10.999212343057726,0.5222386941224922,1.7843830084647045,0.0,0,56.0,406.0,1281.6964285714287,12600.0,1335.4054054054054,12600.0,1619.642857142857,12600.0,1745.7142857142858,6200.0,7.156719725996502,0.21297199694894206,0.12638771797488565,9.441531454869693,0.2560623986669967,0.5951923076923077,7.197738755225548,0.31216349975142205,0.2123809415691306,9.441531454869693,0.5348046907103927,1.020706455542022,7.390578174908881,0.8825819317386682,0.6673681878599912,9.441531454869693,0.7389268094827466,1.069767441860465,7.4654917510888765,0.877704482765294,0.6837754419287303,8.732465848349879,-0.19598378473324324,-0.08205128205128205,290.0,0.05,0.2,0.2,406.0,274.1007560940899,10000.0
2000004,2025-09-03,64816.0,10000.0,54816.0,10.91175564380625,0.43027397596066025,1.5898501203696513,0.0,0,56.0,406.0,1304.9107142857142,12600.0,1378.6486486486488,12600.0,1676.7857142857142,12600.0,1681.4285714285713,6200.0,7.174655941715037,0.27750051156148964,0.17253405510937528,9.441531454869693,0.2560623986669967,0.5951923076923077,7.229584143306035,0.41299177581176416,0.28503638448352225,9.441531454869693,0.5348046907103927,1.020706455542022,7.425230175824577,1.0028131018493058,0.7559813912272928,9.441531454869693,0.7389268094827466,1.069767441860465,7.427993606786235,0.774650463595268,0.6060736871641016,8.732465848349879,-0.19598378473324324,-0.08205128205128205,290.0,0.05,0.2,0.2,406.0,274.1007560940899,10000.0
2000004,2025-09-04,64801.0,10000.0,54801.0,10.911481968620496,0.4299986324931099,1.5892676865729596,0.0,0,56.0,406.0,1394.375,12600.0,1514.054054054054,12600.0,1855.7142857142858,12600.0,1753.5714285714287,6200.0,7.2409184753348965,0.5261834794144634,0.35037493898921745,9.441531454869693,0.2560623986669967,0.5951923076923077,7.323206396550581,0.7287103152257091,0.5125387401092102,9.441531454869693,0.5348046907103927,1.020706455542022,7.526563691526275,1.3792869532582408,1.0334514842711566,9.441531454869693,0.7389268094827466,1.069767441860465,7.469979905834031,0.8902999739971861,0.6932723230666293,8.732465848349879,-0.19598378473324324,-0.08205128205128205,290.0,0.05,0.2,0.2,406.0,341.9972347919247,10000.0
2000004,2025-09-05,50901.0,10000.0,40901.0,10.618934240590841,0.17484701922974374,1.0495457016385805,0.0,0,56.0,406.0,1394.2857142857142,12600.0,1512.837837837838,12600.0,1856.25,12600.0,1754.642857142857,6200.0,7.240854486392164,0.5259352928197996,0.35019745307716155,9.441531454869693,0.2560623986669967,0.5951923076923077,7.3224033198314435,0.7258745199615124,0.5104953057772432,9.441531454869693,0.5348046907103927,1.020706455542022,7.526852178031915,1.3804141204780278,1.0342822330527248,9.441531454869693,0.7389268094827466,1.069767441860465,7.470590369194666,0.892017540983353,0.6945673523127063,8.732465848349879,-0.19598378473324324,-0.08205128205128205,290.0,0.05,0.2,0.2,406.0,2842.363560552079,10000.0
2000004,2025-09-06,50901.0,10000.0,40901.0,10.618934240590841,0.17484701922974374,1.0495457016385805,0.0,0,56.0,406.0,1642.5,13900.0,1888.5135135135135,13900.0,2352.6785714285716,13900.0,2304.6428571428573,13900.0,7.404583393104274,1.2158940259847364,0.8436082885920926,9.539716058977092,0.47872807191737005,0.8451923076923077,7.544074674663156,1.601820168235732,1.141689466096019,9.539716058977092,0.7832957389031968,1.3373934226552984,7.763734732799716,2.424922410814194,1.8041094373061588,9.539716058977092,1.0040764838581844,1.372093023255814,7.7431148133544445,1.7737019272157954,1.3593490319656387,9.539716058977092,1.5798133299009547,1.8923076923076922,290.0,0.05,0.2,0.2,406.0,2291.022748793439,10000.0
2000004,2025-09-07,50901.0,10000.0,40901.0,10.618934240590841,0.17484701922974374,1.0495457016385805,0.0,0,56.0,406.0,1642.5,13900.0,1888.5135135135135,13900.0,2352.6785714285716,13900.0,2304.6428571428573,13900.0,7.404583393104274,1.2158940259847364,0.8436082885920926,9.539716058977092,0.47872807191737005,0.8451923076923077,7.544074674663156,1.601820168235732,1.141689466096019,9.539716058977092,0.7832957389031968,1.3373934226552984,7.763734732799716,2.424922410814194,1.8041094373061588,9.539716058977092,1.0040764838581844,1.372093023255814,7.7431148133544445,1.7737019272157954,1.3593490319656387,9.539716058977092,1.5798133299009547,1.8923076923076922,290.0,0.05,0.2,0.2,406.0,2291.022748793439,10000.0
2000004,2025-09-08,50901.0,10000.0,40901.0,10.618934240590841,0.17484701922974374,1.0495457016385805,0.0,0,56.0,406.0,1642.5,13900.0,1888.5135135135135,13900.0,2352.6785714285716,13900.0,2304.6428571428573,13900.0,7.404583393104274,1.2158940259847364,0.8436082885920926,9.539716058977092,0.47872807191737005,0.8451923076923077,7.544074674663156,1.601820168235732,1.141689466096019,9.539716058977092,0.7832957389031968,1.3373934226552984,7.763734732799716,2.424922410814194,1.8041094373061588,9.539716058977092,1.0040764838581844,1.372093023255814,7.7431148133544445,1.7737019272157954,1.3593490319656387,9.539716058977092,1.5798133299009547,1.8923076923076922,290.0,0.05,0.2,0.2,406.0,2291.022748793439,10000.0
2000004,2025-09-09,50601.0,10000.0,40601.0,10.61157260546028,0.16934014987873586,1.0378970257047448,0.0,0,56.0,406.0,1621.0714285714287,13900.0,1888.5135135135135,13900.0,2352.6785714285716,13900.0,2302.6428571428573,13900.0,7.391459271049411,1.1563292432654617,0.8010116696987175,9.539716058977092,0.47872807191737005,0.8451923076923077,7.544074674663156,1.601820168235732,1.141689466096019,9.539716058977092,0.7832957389031968,1.3373934226552984,7.763734732799716,2.424922410814194,1.8041094373061588,9.539716058977092,1.0040764838581844,1.372093023255814,7.7422469998798675,1.7704958021749504,1.356931644039628,9.539716058977092,1.5798133299009547,1.8923076923076922,290.0,0.05,0.2,0.2,406.0,2575.7287800294926,10000.0
2000004,2025-09-10,50601.0,10000.0,40601.0,10.61157260546028,0.16934014987873586,1.0378970257047448,0.0,0,56.0,406.0,1560.357142857143,13900.0,1896.6216216216217,13900.0,2352.6785714285716,13900.0,2324.0714285714284,13900.0,7.353310685414744,0.987562358894182,0.6803212495008206,9.539716058977092,0.47872807191737005,0.8451923076923077,7.548356602932012,1.6207254699970464,1.1553123616424674,9.539716058977092,0.7832957389031968,1.3373934226552984,7.763734732799716,2.424922410814194,1.8041094373061588,9.539716058977092,1.0040764838581844,1.372093023255814,7.7515060395157525,1.8048471418982917,1.3828322289611705,9.539716058977092,1.5798133299009547,1.8923076923076922,290.0,0.05,0.2,0.2,406.0,2575.7287800294926,10000.0
2000004,2025-09-11,50588.0,10000.0,40588.0,10.611252372919454,0.1691015188735255,1.037392249747612,0.0,0,56.0,406.0,1503.2142857142858,13900.0,1788.5135135135135,13900.0,2352.3214285714284,13900.0,2038.357142857143,13900.0,7.31602597156452,0.8287229383094484,0.5667302657851531,9.539716058977092,0.47872807191737005,0.8451923076923077,7.489699081735831,1.3686547798461917,0.9736737543564887,9.539716058977092,0.7832957389031968,1.3373934226552984,7.763582983125687,2.4241709660010016,1.803555604785113,9.539716058977092,1.0040764838581844,1.372093023255814,7.620389911125194,1.3468292789204,1.0374910966739332,9.539716058977092,1.5798133299009547,1.8923076923076922,290.0,0.05,0.2,0.2,406.0,2575.7287800294926,10000.0
2000004,2025-09-12,50583.0,10000.0,40583.0,10.611129179246525,0.16900973771767536,1.0371981051487147,0.0,0,56.0,406.0,1458.8035714285713,13900.0,1788.8648648648648,13900.0,2352.785714285714,13900.0,1596.4285714285713,13900.0,7.286057165533632,0.7052749261237503,0.4784487731286324,9.539716058977092,0.47872807191737005,0.8451923076923077,7.489895401496046,1.3694740095891815,0.974264079830168,9.539716058977092,0.7832957389031968,1.3373934226552984,7.763780253211835,2.425147844258151,1.8042755870624723,9.539716058977092,1.0040764838581844,1.372093023255814,7.376150472531277,0.6383901493593451,0.5033347003086485,9.539716058977092,1.5798133299009547,1.8923076923076922,290.0,0.05,0.2,0.2,406.0,2721.882148498296,10000.0
2000004,2025-09-13,50583.0,10000.0,40583.0,10.611129179246525,0.16900973771767536,1.0371981051487147,0.0,0,56.0,406.0,1458.7142857142858,13900.0,1789.0,13900.0,2067.25,13900.0,1575.357142857143,13900.0,7.28599600083543,0.7050267395290871,0.47827128721657697,9.539716058977092,0.47872807191737005,0.8451923076923077,7.489970898834801,1.3697890979518703,0.9744911280892756,9.539716058977092,0.7832957389031968,1.3373934226552984,7.634458118070293,1.8243677161115577,1.3614864864864866,9.539716058977092,1.0040764838581844,1.372093023255814,7.362871858232901,0.6046113319647258,0.47786579180246486,9.539716058977092,1.5798133299009547,1.8923076923076922,290.0,0.05,0.2,0.2,406.0,2721.882148498296,10000.0
2000004,2025-09-14,50583.0,10000.0,40583.0,10.611129179246525,0.16900973771767536,1.0371981051487147,0.0,0,56.0,406.0,1458.7142857142858,13900.0,1789.0,13900.0,2067.25,13900.0,1575.357142857143,13900.0,7.28599600083543,0.7050267395290871,0.47827128721657697,9.539716058977092,0.47872807191737005,0.8451923076923077,7.489970898834801,1.3697890979518703,0.9744911280892756,9.539716058977092,0.7832957389031968,1.3373934226552984,7.634458118070293,1.8243677161115577,1.3614864864864866,9.539716058977092,1.0040764838581844,1.372093023255814,7.362871858232901,0.6046113319647258,0.47786579180246486,9.539716058977092,1.5798133299009547,1.8923076923076922,290.0,0.05,0.2,0.2,406.0,2721.882148498296,10000.0
2000004,2025-09-15,42378.0,10000.0,32378.0,10.385265343493456,0.01839686096760926,0.7186068183583133,0.0,0,56.0,406.0,1458.7142857142858,13900.0,1789.0,13900.0,2067.25,13900.0,1575.357142857143,13900.0,7.28599600083543,0.7050267395290871,0.47827128721657697,9.539716058977092,0.47872807191737005,0.8451923076923077,7.489970898834801,1.3697890979518703,0.9744911280892756,9.539716058977092,0.7832957389031968,1.3373934226552984,7.634458118070293,1.8243677161115577,1.3614864864864866,9.539716058977092,1.0040764838581844,1.372093023255814,7.362871858232901,0.6046113319647258,0.47786579180246486,9.539716058977092,1.5798133299009547,1.8923076923076922,290.0,0.05,0.2,0.2,406.0,9161.656213578239,10000.0
2000004,2025-09-16,42372.0,10000.0,32372.0,10.385080021031843,0.018286723580589102,0.7183738448396365,0.0,0,56.0,406.0,1480.142857142857,13900.0,2010.7567567567567,13900.0,1910.2857142857142,13900.0,2074.8571428571427,13900.0,7.300569269536743,0.764591522248362,0.5208679061099522,9.539716058977092,0.47872807191737005,0.8451923076923077,7.6067636276669335,1.8868491011238107,1.3470773212846392,9.539716058977092,0.7832957389031968,1.3373934226552984,7.555531443418306,1.4941077207138995,1.1180770934869295,9.539716058977092,1.0040764838581844,1.372093023255814,7.638129428265382,1.4053410609158252,1.0816084263236274,9.539716058977092,1.5798133299009547,1.8923076923076922,290.0,0.05,0.2,0.2,406.0,9015.502845109437,10000.0
2000004,2025-09-17,38372.0,10000.0,28372.0,10.253193267718052,-0.05513820109951625,0.5630581657218297,0.0,0,56.0,406.0,1480.25,13900.0,2010.918918918919,13900.0,1821.2142857142858,13900.0,1961.0,13900.0,7.300641604883442,0.7648893461619585,0.5210808892044191,9.539716058977092,0.47872807191737005,0.8451923076923077,7.6068442316595615,1.8872272071590372,1.3473497791955684,9.539716058977092,0.7832957389031968,1.3373934226552984,7.507807681065889,1.306697384303943,0.9799512627381481,9.539716058977092,1.0040764838581844,1.372093023255814,7.581719640125308,1.2228209425191356,0.9439899851071636,9.539716058977092,1.5798133299009547,1.8923076923076922,290.0,0.05,0.2,0.2,406.0,8740.795349506832,10000.0
2000004,2025-09-18,37172.0,10000.0,27172.0,10.209979112224897,-0.07716567850354786,0.5164634619864875,0.0,0,56.0,406.0,1529.7142857142858,13900.0,2119.027027027027,13900.0,1821.2142857142858,13900.0,1888.857142857143,13900.0,7.333489758852364,0.9023847196056187,0.6194080844832939,9.539716058977092,0.47872807191737005,0.8451923076923077,7.65918411618245,2.139297897309892,1.5289883864815472,9.539716058977092,0.7832957389031968,1.3373934226552984,7.507807681065889,1.306697384303943,0.9799512627381481,9.539716058977092,1.0040764838581844,1.372093023255814,7.5442565194070665,1.107171432117218,0.8567913492046362,9.539716058977092,1.5798133299009547,1.8923076923076922,290.0,0.05,0.2,0.2,406.0,10026.564576335328,10000.0
2000004,2025-09-19,31866.0,10000.0,21866.0,9.992733930050322,-0.1745638410917076,0.3104372136367166,0.0,0,56.0,406.0,1551.142857142857,13900.0,2143.3513513513512,13900.0,1864.0714285714287,13900.0,1973.5,13900.0,7.3473917436352165,0.9619495023248935,0.6620047033766691,9.539716058977092,0.47872807191737005,0.8451923076923077,7.6705923853275255,2.196013802593834,1.569857073120892,9.539716058977092,0.7832957389031968,1.3373934226552984,7.531054630846615,1.3968707618869216,1.0464111652636245,9.539716058977092,1.0040764838581844,1.372093023255814,7.588070480726704,1.2428592240244183,0.9590986596447303,9.539716058977092,1.5798133299009547,1.8923076923076922,290.0,0.05,0.2,0.2,406.0,14200.665414687046,10000.0
2000004,2025-09-20,31866.0,10000.0,21866.0,9.992733930050322,-0.1745638410917076,0.3104372136367166,0.0,0,56.0,406.0,1588.75,13900.0,2286.4864864864867,13900.0,1832.142857142857,13900.0,1359.642857142857,8205.0,7.371332050147517,1.0664856959972213,0.7367617695345429,9.539716058977092,0.47872807191737005,0.8451923076923077,7.735208889585335,2.529755396353566,1.8103465891675283,9.539716058977092,0.7832957389031968,1.3373934226552984,7.513787181050982,1.3296915955876025,0.9968985378821444,9.539716058977092,1.0040764838581844,1.372093023255814,7.21571255612344,0.2588078454164172,0.21713323692560052,9.012620873002131,0.26641533407734985,0.43205128205128207,290.0,0.05,0.2,0.2,406.0,14199.102576881092,10000.0
2000004,2025-09-21,31866.0,10000.0,21866.0,9.992733930050322,-0.1745638410917076,0.3104372136367166,0.0,0,56.0,406.0,1588.75,13900.0,2286.4864864864867,13900.0,1832.142857142857,13900.0,1359.642857142857,8205.0,7.371332050147517,1.0664856959972213,0.7367617695345429,9.539716058977092,0.47872807191737005,0.8451923076923077,7.735208889585335,2.529755396353566,1.8103465891675283,9.539716058977092,0.7832957389031968,1.3373934226552984,7.513787181050982,1.3296915955876025,0.9968985378821444,9.539716058977092,1.0040764838581844,1.372093023255814,7.21571255612344,0.2588078454164172,0.21713323692560052,9.012620873002131,0.26641533407734985,0.43205128205128207,290.0,0.05,0.2,0.2,406.0,14199.102576881092,10000.0
2000004,2025-09-22,49382.0,10000.0,39382.0,10.581089530093944,0.14696390408247373,0.9905645724935932,0.0,0,56.0,406.0,1588.75,13900.0,2070.2702702702704,13900.0,1832.142857142857,13900.0,1359.642857142857,8205.0,7.371332050147517,1.0664856959972213,0.7367617695345429,9.539716058977092,0.47872807191737005,0.8451923076923077,7.635917355184265,2.0256140160518568,1.447069374595571,9.539716058977092,0.7832957389031968,1.3373934226552984,7.513787181050982,1.3296915955876025,0.9968985378821444,9.539716058977092,1.0040764838581844,1.372093023255814,7.21571255612344,0.2588078454164172,0.21713323692560052,9.012620873002131,0.26641533407734985,0.43205128205128207,290.0,0.05,0.2,0.2,406.0,2574.165942223544,10000.0
2000004,2025-09-23,49378.0,10000.0,39378.0,10.580987958269882,0.14689047915779363,0.9904092568144754,0.0,0,56.0,406.0,1588.75,13900.0,2070.2702702702704,13900.0,1831.142857142857,13900.0,1359.642857142857,8205.0,7.371332050147517,1.0664856959972213,0.7367617695345429,9.539716058977092,0.47872807191737005,0.8451923076923077,7.635917355184265,2.0256140160518568,1.447069374595571,9.539716058977092,0.7832957389031968,1.3373934226552984,7.513241520983657,1.3275875501106662,0.9953478068232167,9.539716058977092,1.0040764838581844,1.372093023255814,7.21571255612344,0.2588078454164172,0.21713323692560052,9.012620873002131,0.26641533407734985,0.43205128205128207,290.0,0.05,0.2,0.2,406.0,2574.165942223544,10000.0
2000004,2025-09-24,49078.0,10000.0,39078.0,10.57334051729299,0.14138360980678574,0.9787605808806399,0.0,0,56.0,406.0,1587.75,13900.0,2070.3783783783783,13900.0,1831.2857142857142,13900.0,1338.5,8205.0,7.370702822503664,1.0637060061369885,0.7347739273195186,9.539716058977092,0.47872807191737005,0.8451923076923077,7.635969547932095,2.025866086742007,1.4472510132028567,9.539716058977092,0.7832957389031968,1.3373934226552984,7.513319490653495,1.3278881280359427,0.9955693398316349,9.539716058977092,1.0040764838581844,1.372093023255814,7.200051688984663,0.2249145235560533,0.191577993136345,9.012620873002131,0.26641533407734985,0.43205128205128207,290.0,0.05,0.2,0.2,406.0,2574.165942223544,10000.0
2000004,2025-09-25,46258.0,10000.0,36258.0,10.498442905329538,0.08961903790731146,0.869263027102586,0.0,0,56.0,406.0,1593.107142857143,13900.0,1737.945945945946,13900.0,1699.142857142857,13900.0,1359.9285714285713,8205.0,7.374069073438259,1.0785972018168075,0.7454230820428626,9.539716058977092,0.47872807191737005,0.8451923076923077,7.461034430458847,1.2507487145281295,0.8887122957984723,9.539716058977092,0.7832957389031968,1.3373934226552984,7.438467560127126,1.049853547155093,0.7906513070447497,9.539716058977092,1.0040764838581844,1.372093023255814,7.215922518855826,0.25926586327939505,0.21747857805788767,9.012620873002131,0.26641533407734985,0.43205128205128207,290.0,0.05,0.2,0.2,406.0,9013.940007303483,10000.0
2000004,2025-09-26,38558.0,10000.0,28558.0,10.259727401834914,-0.05172394210189135,0.5702803448008077,0.0,0,56.0,406.0,1643.4642857142858,13900.0,1746.5945945945946,13900.0,1578.4285714285713,13900.0,1560.4285714285713,8205.0,7.405169947980263,1.218574441207104,0.8455251364422947,9.539716058977092,0.47872807191737005,0.8451923076923077,7.465995604027518,1.2709143697401977,0.9032433843813504,9.539716058977092,0.7832957389031968,1.3373934226552984,7.3648183969521375,0.7958652002963705,0.6034559149313247,9.539716058977092,1.0040764838581844,1.372093023255814,7.3533564321152705,0.5806798986241307,0.45982171764045654,9.012620873002131,0.26641533407734985,0.43205128205128207,290.0,0.05,0.2,0.2,406.0,8957.420974027811,10000.0
2000004,2025-09-27,38558.0,10000.0,28558.0,10.259727401834914,-0.05172394210189135,0.5702803448008077,0.0,0,56.0,406.0,1780.9642857142858,13900.0,1846.5945945945946,13900.0,1842.7142857142858,13900.0,2110.0714285714284,8205.0,7.485471566143209,1.6007817969891194,1.1188534410081197,9.539716058977092,0.47872807191737005,0.8451923076923077,7.521639852915991,1.504079758129738,1.0712590961208808,9.539716058977092,0.7832957389031968,1.3373934226552984,7.519537449440472,1.3519343620580706,1.0132919805050955,9.539716058977092,1.0040764838581844,1.372093023255814,7.654950883643211,1.4617917625278505,1.1241717208780295,9.012620873002131,0.26641533407734985,0.43205128205128207,290.0,0.05,0.2,0.2,406.0,7793.736180574949,10000.0
2000004,2025-09-28,38558.0,10000.0,28558.0,10.259727401834914,-0.05172394210189135,0.5702803448008077,0.0,0,56.0,406.0,1780.9642857142858,13900.0,1846.5945945945946,13900.0,1842.7142857142858,13900.0,2110.0714285714284,8205.0,7.485471566143209,1.6007817969891194,1.1188534410081197,9.539716058977092,0.47872807191737005,0.8451923076923077,7.521639852915991,1.504079758129738,1.0712590961208808,9.539716058977092,0.7832957389031968,1.3373934226552984,7.519537449440472,1.3519343620580706,1.0132919805050955,9.539716058977092,1.0040764838581844,1.372093023255814,7.654950883643211,1.4617917625278505,1.1241717208780295,9.012620873002131,0.26641533407734985,0.43205128205128207,290.0,0.05,0.2,0.2,406.0,7793.736180574949,10000.0
2000004,2025-09-29,27658.0,10000.0,17658.0,9.779000847413124,-0.2518068618551784,0.14704511920478372,0.0,0,56.0,406.0,1780.9642857142858,13900.0,1679.027027027027,13900.0,1842.7142857142858,13900.0,2110.0714285714284,8205.0,7.485471566143209,1.6007817969891194,1.1188534410081197,9.539716058977092,0.47872807191737005,0.8451923076923077,7.42656515978399,1.1133701883959137,0.789719254827614,9.539716058977092,0.7832957389031968,1.3373934226552984,7.519537449440472,1.3519343620580706,1.0132919805050955,9.539716058977092,1.0040764838581844,1.372093023255814,7.654950883643211,1.4617917625278505,1.1241717208780295,9.012620873002131,0.26641533407734985,0.43205128205128207,290.0,0.05,0.2,0.2,406.0,13580.512066720908,10000.0
2000004,2025-09-30,27658.0,10000.0,17658.0,9.779000847413124,-0.2518068618551784,0.14704511920478372,0.0,0,56.0,406.0,1904.1785714285713,13900.0,1973.6216216216217,13900.0,2188.714285714286,13900.0,2302.5714285714284,10900.0,7.552331021450358,1.9432792976249509,1.3637839996450276,9.539716058977092,0.47872807191737005,0.8451923076923077,7.588132074991613,1.8002628190569925,1.2846844596819058,9.539716058977092,0.7832957389031968,1.3373934226552984,7.6915263511553285,2.0799340970779823,1.5498449268941072,9.539716058977092,1.0040764838581844,1.372093023255814,7.74221599260866,1.7703812977092053,1.3568453087565557,9.296609807128359,0.8879443241993191,1.123076923076923,290.0,0.05,0.2,0.2,406.0,13476.957524629188,10000.0
2000004,2025-10-01,18458.0,10000.0,8458.0,9.042986242304014,-0.42068418861942075,-0.21018094276617225,0.0,0,56.0,406.0,1904.1785714285713,13900.0,1973.6216216216217,13900.0,2131.5714285714284,13900.0,2302.1428571428573,10900.0,7.552331021450358,1.9432792976249509,1.3637839996450276,9.539716058977092,0.47872807191737005,0.8451923076923077,7.588132074991613,1.8002628190569925,1.2846844596819058,9.539716058977092,0.7832957389031968,1.3373934226552984,7.665083774031812,1.959702926967344,1.4612317235268053,9.539716058977092,1.0040764838581844,1.372093023255814,7.742029928788233,1.769694270914739,1.3563272970581253,9.296609807128359,0.8879443241993191,1.123076923076923,290.0,0.05,0.2,0.2,406.0,18599.71523682554,10000.0
2000004,2025-10-02,17258.0,10000.0,7258.0,8.889997357284841,-0.44271166602345235,-0.25677564650151435,0.0,0,56.0,406.0,2068.464285714286,13900.0,2221.5135135135133,13900.0,2281.214285714286,13900.0,2673.5714285714284,10900.0,7.635045053593288,2.3999426318060606,1.6903580778275722,9.539716058977092,0.47872807191737005,0.8451923076923077,7.706394047690615,2.3782609115729016,1.7011817861886545,9.539716058977092,0.7832957389031968,1.3373934226552984,7.73290142860516,2.2745583036945773,1.693287549844927,9.539716058977092,1.0040764838581844,1.372093023255814,7.891544432876376,2.365117492785998,1.8052707690315337,9.296609807128359,0.8879443241993191,1.123076923076923,290.0,0.05,0.2,0.2,406.0,18599.71523682554,10000.0
2000004,2025-10-03,14758.0,10000.0,4758.0,8.46779284112111,-0.4886022439485182,-0.3538479459501437,0.0,0,56.0,406.0,2089.8928571428573,13900.0,2253.945945945946,13900.0,2323.535714285714,13900.0,2673.5714285714284,10900.0,7.645346458107621,2.4595074145253357,1.7329546967209477,9.539716058977092,0.47872807191737005,0.8451923076923077,7.720881280893797,2.453882118618158,1.7556733683744483,9.539716058977092,0.7832957389031968,1.3373934226552984,7.751275605299861,2.363604514057768,1.7589167035888347,9.539716058977092,1.0040764838581844,1.372093023255814,7.891544432876376,2.365117492785998,1.8052707690315337,9.296609807128359,0.8879443241993191,1.123076923076923,290.0,0.05,0.2,0.2,406.0,18771.51142222242,10000.0
2000004,2025-10-04,14758.0,10000.0,4758.0,8.46779284112111,-0.4886022439485182,-0.3538479459501437,0.0,0,56.0,406.0,2134.535714285714,13900.0,2213.4054054054054,13900.0,1916.392857142857,10900.0,2473.1428571428573,10900.0,7.666472814227704,2.5836007118571582,1.8216976527488125,9.539716058977092,0.47872807191737005,0.8451923076923077,7.702739206445211,2.3593556098115878,1.6875588906422065,9.539716058977092,0.7832957389031968,1.3373934226552984,7.558721655353208,1.506957427019474,1.1275476295968099,9.296609807128359,0.3921926199148663,0.6744186046511628,7.81364929467373,2.0438179619070076,1.563013964732037,9.296609807128359,0.8879443241993191,1.123076923076923,290.0,0.05,0.2,0.2,406.0,18771.51142222242,10000.0
2000004,2025-10-05,14758.0,10000.0,4758.0,8.46779284112111,-0.4886022439485182,-0.3538479459501437,0.0,0,56.0,406.0,2134.535714285714,13900.0,2045.837837837838,13900.0,1916.392857142857,10900.0,2473.1428571428573,10900.0,7.666472814227704,2.5836007118571582,1.8216976527488125,9.539716058977092,0.47872807191737005,0.8451923076923077,7.624051363098662,1.9686460400777634,1.4060190493489397,9.539716058977092,0.7832957389031968,1.3373934226552984,7.558721655353208,1.506957427019474,1.1275476295968099,9.296609807128359,0.3921926199148663,0.6744186046511628,7.81364929467373,2.0438179619070076,1.563013964732037,9.296609807128359,0.8879443241993191,1.123076923076923,290.0,0.05,0.2,0.2,406.0,18771.51142222242,10000.0
2000004,2025-10-06,14746.0,10000.0,4746.0,8.465268118551318,-0.48882251872255855,-0.3543138929874971,0.0,0,56.0,406.0,2134.535714285714,13900.0,2037.7297297297298,13900.0,1916.392857142857,10900.0,2473.1428571428573,10900.0,7.666472814227704,2.5836007118571582,1.8216976527488125,9.539716058977092,0.47872807191737005,0.8451923076923077,7.620082211386584,1.9497407383164493,1.3923961538024912,9.539716058977092,0.7832957389031968,1.3373934226552984,7.558721655353208,1.506957427019474,1.1275476295968099,9.296609807128359,0.3921926199148663,0.6744186046511628,7.81364929467373,2.0438179619070076,1.563013964732037,9.296609807128359,0.8879443241993191,1.123076923076923,290.0,0.05,0.2,0.2,406.0,18771.51142222242,10000.0
2000004,2025-10-07,14710.0,10000.0,4710.0,8.45765547870004,-0.4894833430446795,-0.35571173409955736,0.0,0,56.0,406.0,2134.75,13900.0,2038.054054054054,13900.0,1916.8214285714287,10900.0,2474.0,10900.0,7.666573152031728,2.584196359684351,1.8221236189377463,9.539716058977092,0.47872807191737005,0.8451923076923077,7.620241280303527,1.9504969503869014,1.392941069624349,9.539716058977092,0.7832957389031968,1.3373934226552984,7.558945148174431,1.507859160795304,1.1282122286220648,9.296609807128359,0.3921926199148663,0.6744186046511628,7.813995675002791,2.0451920154959407,1.5640499881288985,9.296609807128359,0.8879443241993191,1.123076923076923,290.0,0.05,0.2,0.2,406.0,18771.51142222242,10000.0
2000004,2025-10-08,9710.0,10000.0,-290.0,0.0,-0.5812644988948111,-0.549856332996816,5.673323267171493,1,56.0,406.0,2130.035714285714,13900.0,2039.027027027027,13900.0,1907.392857142857,10900.0,2476.285714285714,10900.0,7.6643633913602045,2.5710921074861104,1.8127523627812037,9.539716058977092,0.47872807191737005,0.8451923076923077,7.620718335293161,1.9527655865982596,1.394575817089923,9.539716058977092,0.7832957389031968,1.3373934226552984,7.554016730783793,1.4880210177270485,1.1135910500664599,9.296609807128359,0.3921926199148663,0.6744186046511628,7.814918769743236,2.0488561583997638,1.5668127171871962,9.296609807128359,0.8879443241993191,1.123076923076923,290.0,0.05,0.2,0.2,406.0,18788.857068778743,10000.0
2000004,2025-10-09,22534.0,10000.0,12534.0,9.436280010592395,-0.3458641903703934,-0.05191426574512697,0.0,0,56.0,406.0,2219.1428571428573,13900.0,2141.4054054054054,13900.0,2085.964285714286,10900.0,2812.0,10900.0,7.7053268228602985,2.81878232896043,1.9898833030128231,9.539716058977092,0.47872807191737005,0.8451923076923077,7.669684497994501,2.1914765301711188,1.5665875781897447,9.539716058977092,0.7832957389031968,1.3373934226552984,7.643465794192053,1.8637434243227917,1.390507310589278,9.296609807128359,0.3921926199148663,0.6744186046511628,7.9420068084898565,2.587027147398787,1.9725885476247003,9.296609807128359,0.8879443241993191,1.123076923076923,290.0,0.05,0.2,0.2,0.0,16673.711956836076,10000.0
2000004,2025-10-10,22534.0,10000.0,12534.0,9.436280010592395,-0.3458641903703934,-0.05191426574512697,0.0,0,56.0,406.0,2219.1428571428573,13900.0,2098.162162162162,13900.0,2085.5,10900.0,2610.5714285714284,10900.0,7.7053268228602985,2.81878232896043,1.9898833030128231,9.539716058977092,0.47872807191737005,0.8451923076923077,7.649293573702679,2.0906482541107767,1.493932135275353,9.539716058977092,0.7832957389031968,1.3373934226552984,7.643243300031608,1.8627665460656426,1.3897873283119184,9.296609807128359,0.3921926199148663,0.6744186046511628,7.867707399051771,2.264124553999373,1.7291230493621979,9.296609807128359,0.8879443241993191,1.123076923076923,290.0,0.05,0.2,0.2,0.0,16545.65517132629,10000.0
2000004,2025-10-11,22534.0,10000.0,12534.0,9.436280010592395,-0.3458641903703934,-0.05191426574512697,0.0,0,56.0,406.0,2076.285714285714,13900.0,1962.7567567567567,13900.0,2085.3214285714284,10900.0,2060.5714285714284,10900.0,7.6388173754581725,2.4216837774985955,1.7059058437236538,9.539716058977092,0.47872807191737005,0.8451923076923077,7.582614630305735,1.7749297146968313,1.2664297796496646,9.539716058977092,0.7832957389031968,1.3373934226552984,7.643157712171337,1.8623908236590467,1.3895104120513955,9.296609807128359,0.3921926199148663,0.6744186046511628,7.631223800380765,1.3824401677669307,1.0643413697092656,9.296609807128359,0.8879443241993191,1.123076923076923,290.0,0.05,0.2,0.2,0.0,16545.65517132629,10000.0
2000004,2025-10-12,22534.0,10000.0,12534.0,9.436280010592395,-0.3458641903703934,-0.05191426574512697,0.0,0,56.0,406.0,2076.285714285714,13900.0,1962.3513513513512,13900.0,2085.3214285714284,10900.0,2060.5714285714284,10900.0,7.6388173754581725,2.4216837774985955,1.7059058437236538,9.539716058977092,0.47872807191737005,0.8451923076923077,7.582408165194165,1.7739844496087656,1.2657486348723423,9.539716058977092,0.7832957389031968,1.3373934226552984,7.643157712171337,1.8623908236590467,1.3895104120513955,9.296609807128359,0.3921926199148663,0.6744186046511628,7.631223800380765,1.3824401677669307,1.0643413697092656,9.296609807128359,0.8879443241993191,1.123076923076923,290.0,0.05,0.2,0.2,0.0,16545.65517132629,10000.0
2000004,2025-10-13,21334.0,10000.0,11334.0,9.335650562941629,-0.367891667774425,-0.09850896948046906,0.0,0,56.0,406.0,2076.285714285714,13900.0,1586.6756756756756,10900.0,2085.3214285714284,10900.0,2060.5714285714284,10900.0,7.6388173754581725,2.4216837774985955,1.7059058437236538,9.539716058977092,0.47872807191737005,0.8451923076923077,7.370026386487222,0.8980388013345458,0.6345544745535664,9.296609807128359,0.20985485845826424,0.6065773447015834,7.643157712171337,1.8623908236590467,1.3895104120513955,9.296609807128359,0.3921926199148663,0.6744186046511628,7.631223800380765,1.3824401677669307,1.0643413697092656,9.296609807128359,0.8879443241993191,1.123076923076923,290.0,0.05,0.2,0.2,0.0,16702.276768179072,10000.0
2000004,2025-10-14,21334.0,10000.0,11334.0,9.335650562941629,-0.367891667774425,-0.09850896948046906,0.0,0,56.0,406.0,1872.7142857142858,13900.0,1619.1081081081081,10900.0,1835.142857142857,10900.0,1367.7142857142858,9200.0,7.535677988909225,1.8558183416654823,1.3012379642365883,9.539716058977092,0.47872807191737005,0.8451923076923077,7.390248159399922,0.9736600083798024,0.6890460567393601,9.296609807128359,0.20985485845826424,0.6065773447015834,7.5154223770548185,1.3360037320184108,1.0015507310589278,9.296609807128359,0.3921926199148663,0.6744186046511628,7.22162710059556,0.27174685004554283,0.2268891239127151,9.127067452782361,0.49588522096839227,0.6871794871794872,290.0,0.05,0.2,0.2,0.0,15081.341267073009,10000.0
2000004,2025-10-15,16034.0,10000.0,6034.0,8.705331133531631,-0.4651796929755646,-0.3043022443115633,0.0,0,56.0,406.0,1828.0714285714287,13900.0,1619.1081081081081,10900.0,1834.9285714285713,10900.0,1367.7142857142858,9200.0,7.5115637009751755,1.7317250443336591,1.2124950082087231,9.539716058977092,0.47872807191737005,0.8451923076923077,7.390248159399922,0.9736600083798024,0.6890460567393601,9.296609807128359,0.20985485845826424,0.6065773447015834,7.515305665972969,1.335552865130496,1.0012184315463002,9.296609807128359,0.3921926199148663,0.6744186046511628,7.22162710059556,0.27174685004554283,0.2268891239127151,9.127067452782361,0.49588522096839227,0.6871794871794872,290.0,0.05,0.2,0.2,0.0,17231.020361904168,10000.0
2000004,2025-10-16,13534.0,10000.0,3534.0,8.170468578330674,-0.5110702709006304,-0.4013745437601926,0.0,0,56.0,406.0,1851.2857142857142,13900.0,1762.3513513513512,10900.0,1881.357142857143,10900.0,1089.142857142857,5300.0,7.5241756766796275,1.7962535589462068,1.2586413453432128,9.539716058977092,0.47872807191737005,0.8451923076923077,7.474971454289697,1.3076536728296844,0.9297172113932817,9.296609807128359,0.20985485845826424,0.6065773447015834,7.5402800698660135,1.4332406908453894,1.0732166592822332,9.296609807128359,0.3921926199148663,0.6744186046511628,6.99406402823432,-0.17482056635790205,-0.10981848006734155,8.575650760987806,-0.4035444864437339,-0.3128205128205128,290.0,0.05,0.2,0.2,0.0,17057.78473090786,10000.0
